ae_id,subject_id,study_id,site_id,ae_term,meddra_soc,severity,serious_flag,onset_date,resolution_date,outcome,related_to_study_drug,action_taken
AE-0000001,SUBJ-000002,CT-101,S0004,Headache,Nervous system disorders,Grade 2,N,2025-10-10,,ONGOING,NOT RELATED,DRUG INTERRUPTED
AE-0000002,SUBJ-000002,CT-101,S0004,Fatigue,General disorders,Grade 1,N,2025-09-24,,ONGOING,POSSIBLY RELATED,DRUG INTERRUPTED
AE-0000003,SUBJ-000006,CT-101,S0005,Headache,Nervous system disorders,MODERATE,N,2026-05-08,2026-05-14,RECOVERED,POSSIBLY RELATED,DRUG INTERRUPTED
AE-0000004,SUBJ-000006,CT-101,S0005,Dizziness,Nervous system disorders,1,N,2026-01-21,2026-02-14,RECOVERED,RELATED,NONE
AE-0000005,SUBJ-000006,CT-101,S0005,Headache,Nervous system disorders,MILD,N,2026-05-20,2026-06-29,RECOVERED,POSSIBLY RELATED,DOSE REDUCED
AE-0000006,SUBJ-000007,CT-101,S0005,Insomnia,Psychiatric disorders,SEVERE,Y,2026-08-15,2026-08-30,RECOVERED,NOT RELATED,DRUG WITHDRAWN
AE-0000007,SUBJ-000007,CT-101,S0005,Fatigue,General disorders,severe,Y,2026-07-22,2026-08-25,RECOVERED,RELATED,DOSE REDUCED
AE-0000011,SUBJ-000012,CT-101,S0002,Nausea,Gastrointestinal disorders,Grade 2,N,2026-08-19,,ONGOING,RELATED,NONE
AE-0000013,SUBJ-000021,CT-101,S0006,Diarrhoea,Gastrointestinal disorders,Mild,N,2025-12-22,2026-01-07,RECOVERED,NOT RELATED,NONE
AE-0000014,SUBJ-000021,CT-101,S0006,Pyrexia,General disorders,moderate,N,2026-02-06,2026-03-05,RECOVERED,RELATED,NONE
AE-0000016,SUBJ-000023,CT-101,S0005,Headache,Nervous system disorders,MILD,N,2026-07-07,,RECOVERING,NOT RELATED,DRUG INTERRUPTED
AE-0000017,SUBJ-000023,CT-101,S0005,Nausea,Gastrointestinal disorders,mild,N,2026-08-14,,ONGOING,NOT RELATED,DRUG INTERRUPTED
AE-0000018,SUBJ-000024,CT-101,S0003,Diarrhoea,Gastrointestinal disorders,3,Y,2026-06-12,2026-06-29,RECOVERED,NOT RELATED,DRUG WITHDRAWN
AE-0000019,SUBJ-000024,CT-101,S0003,Headache,Nervous system disorders,mild,N,2026-04-06,2026-05-01,RECOVERED,RELATED,DRUG WITHDRAWN
AE-0000020,SUBJ-000032,CT-101,S0002,Nausea,Gastrointestinal disorders,mild,N,2026-07-11,2026-07-21,RECOVERED,NOT RELATED,DRUG WITHDRAWN
AE-0000021,SUBJ-000032,CT-101,S0002,Insomnia,Psychiatric disorders,Moderate,N,2026-06-11,2026-07-19,RECOVERED,NOT RELATED,DRUG INTERRUPTED
AE-0000022,SUBJ-000035,CT-101,S0003,Vomiting,Gastrointestinal disorders,mild,N,2026-02-12,2026-02-18,RECOVERED,POSSIBLY RELATED,NONE
AE-0000023,SUBJ-000037,CT-101,S0005,Neutropenia,Blood and lymphatic system disorders,SEVERE,N,2025-09-19,2025-10-16,RECOVERED,RELATED,DRUG WITHDRAWN
AE-0000024,SUBJ-000040,CT-101,S0002,Rash,Skin and subcutaneous tissue disorders,MILD,N,2026-03-22,2026-03-29,RECOVERED,NOT RELATED,DRUG WITHDRAWN
AE-0000025,SUBJ-000040,CT-101,S0002,Neutropenia,Blood and lymphatic system disorders,N/A,N,2026-01-11,,RECOVERING,RELATED,DRUG WITHDRAWN
AE-0000026,SUBJ-000043,CT-101,S0003,Fatigue,General disorders,MILD,N,2026-05-24,2026-06-18,RECOVERED,NOT RELATED,NONE
AE-0000027,SUBJ-000046,CT-101,S0005,Fatigue,General disorders,Grade 3,N,2026-08-16,,ONGOING,RELATED,DOSE REDUCED
AE-0000028,SUBJ-000046,CT-101,S0005,Headache,Nervous system disorders,moderate,N,2026-05-28,,ONGOING,POSSIBLY RELATED,NONE
AE-0000029,SUBJ-000046,CT-101,S0005,Diarrhoea,Gastrointestinal disorders,MILD,N,2026-08-09,2026-08-31,RECOVERED,NOT RELATED,NONE
AE-0000030,SUBJ-000047,CT-101,S0006,Nausea,Gastrointestinal disorders,moderate,N,2025-11-27,2025-11-28,RECOVERED,RELATED,DOSE REDUCED
AE-0000031,SUBJ-000048,CT-101,S0002,Diarrhoea,Gastrointestinal disorders,MODERATE,N,2025-10-10,2025-10-30,RECOVERED,NOT RELATED,DOSE REDUCED
AE-0000032,SUBJ-000053,CT-101,S0004,Anaemia,Blood and lymphatic system disorders,SEVERE,Y,2026-08-23,,ONGOING,NOT RELATED,DRUG INTERRUPTED
AE-0000033,SUBJ-000056,CT-101,S0002,Fatigue,General disorders,Moderate,N,2025-11-13,2025-11-23,RECOVERED,POSSIBLY RELATED,DRUG INTERRUPTED
AE-0000034,SUBJ-000060,CT-101,S0001,Pneumonia,Infections and infestations,mild,N,2025-11-21,2025-11-28,RECOVERED,NOT RELATED,DOSE REDUCED
AE-0000035,SUBJ-000060,CT-101,S0001,Insomnia,Psychiatric disorders,1,N,2026-01-14,2026-02-02,RECOVERED,POSSIBLY RELATED,DOSE REDUCED
AE-0000036,SUBJ-000062,CT-101,S0003,Alanine aminotransferase increased,Investigations,Grade 1,N,2025-12-28,,ONGOING,NOT RELATED,DOSE REDUCED
AE-0000037,SUBJ-000062,CT-101,S0003,Insomnia,Psychiatric disorders,MODERATE,N,2025-09-12,2025-09-25,RECOVERED,POSSIBLY RELATED,DOSE REDUCED
AE-0000038,SUBJ-000062,CT-101,S0003,Fatigue,General disorders,Grade 1,N,2025-12-31,2026-01-04,RECOVERED,POSSIBLY RELATED,DOSE REDUCED
AE-0000039,SUBJ-000066,CT-101,S0001,Neutropenia,Blood and lymphatic system disorders,Grade 1,N,2026-02-19,2026-03-03,RECOVERED,NOT RELATED,NONE
AE-0000040,SUBJ-000069,CT-101,S0004,Headache,Nervous system disorders,Grade 1,N,2026-07-22,2026-08-17,RECOVERED,POSSIBLY RELATED,DRUG INTERRUPTED
AE-0000041,SUBJ-000069,CT-101,S0004,Arthralgia,Musculoskeletal disorders,moderate,N,2026-07-19,,ONGOING,POSSIBLY RELATED,NONE
AE-0000042,SUBJ-000074,CT-101,S0004,Nausea,Gastrointestinal disorders,1,N,2025-11-03,2025-11-15,RECOVERED,RELATED,DOSE REDUCED
AE-0000043,SUBJ-000074,CT-101,S0004,Insomnia,Psychiatric disorders,moderate,N,2026-04-13,,RECOVERING,RELATED,DRUG INTERRUPTED
AE-0000044,SUBJ-000075,CT-101,S0006,Pyrexia,General disorders,1,N,2026-08-09,,ONGOING,RELATED,DRUG INTERRUPTED
AE-0000047,SUBJ-000080,CT-101,S0004,Hypertension,Vascular disorders,1,N,2026-02-26,2026-04-11,RECOVERED,RELATED,DRUG WITHDRAWN
AE-0000050,SUBJ-000083,CT-101,S0002,Vomiting,Gastrointestinal disorders,2,N,2026-01-29,2026-03-06,RECOVERED,RELATED,NONE
AE-0000051,SUBJ-000083,CT-101,S0002,Diarrhoea,Gastrointestinal disorders,Mild,N,2026-04-13,2026-04-14,RECOVERED,POSSIBLY RELATED,DRUG INTERRUPTED
AE-0000052,SUBJ-000083,CT-101,S0002,Rash,Skin and subcutaneous tissue disorders,1,N,2026-04-09,2026-04-12,RECOVERED,RELATED,DRUG INTERRUPTED
AE-0000054,SUBJ-000092,CT-101,S0002,Rash,Skin and subcutaneous tissue disorders,Grade 2,N,2026-07-14,2026-08-10,RECOVERED,POSSIBLY RELATED,DOSE REDUCED
AE-0000055,SUBJ-000092,CT-101,S0002,Alanine aminotransferase increased,Investigations,mild,N,2026-07-29,2026-08-08,RECOVERED,NOT RELATED,NONE
AE-0000056,SUBJ-000095,CT-101,S0003,Neutropenia,Blood and lymphatic system disorders,mild,N,2026-08-21,,ONGOING,NOT RELATED,NONE
AE-0000057,SUBJ-000095,CT-101,S0003,Fatigue,General disorders,MILD,N,2026-05-15,2026-06-12,RECOVERED,POSSIBLY RELATED,NONE
AE-0000058,SUBJ-000095,CT-101,S0003,Rash,Skin and subcutaneous tissue disorders,MILD,true,2026-06-16,2026-06-22,RECOVERED,NOT RELATED,NONE
AE-0000060,SUBJ-000097,CT-101,S0001,Nausea,Gastrointestinal disorders,severe,Y,2026-06-15,2026-06-21,RECOVERED,POSSIBLY RELATED,DOSE REDUCED
AE-0000062,SUBJ-000099,CT-101,S0006,Fatigue,General disorders,mild,N,2026-04-13,2026-04-25,RECOVERED,POSSIBLY RELATED,DOSE REDUCED
AE-0000063,SUBJ-000099,CT-101,S0006,Alanine aminotransferase increased,Investigations,Grade 1,N,2026-02-10,2026-02-18,RECOVERED,POSSIBLY RELATED,DOSE REDUCED
AE-0000064,SUBJ-000099,CT-101,S0006,Headache,Nervous system disorders,mild,N,2026-07-11,2026-07-20,RECOVERED,POSSIBLY RELATED,DRUG WITHDRAWN
AE-0000065,SUBJ-000101,CT-101,S0006,Anaemia,Blood and lymphatic system disorders,Mild,N,2026-08-12,2026-08-25,RECOVERED,RELATED,DRUG INTERRUPTED
AE-0000066,SUBJ-000102,CT-101,S0002,Pyrexia,General disorders,moderate,N,2026-07-17,2026-08-20,RECOVERED,NOT RELATED,NONE
AE-0000067,SUBJ-000102,CT-101,S0002,Insomnia,Psychiatric disorders,Grade 1,N,2026-08-05,,RECOVERING,POSSIBLY RELATED,DOSE REDUCED
AE-0000071,SUBJ-000108,CT-101,S0001,Headache,Nervous system disorders,MILD,N,2026-08-17,2026-08-29,RECOVERED,POSSIBLY RELATED,DOSE REDUCED
AE-0000072,SUBJ-000108,CT-101,S0001,Headache,Nervous system disorders,MILD,N,2026-08-18,,RECOVERING,RELATED,NONE
AE-0000073,SUBJ-000112,CT-101,S0004,Nausea,Gastrointestinal disorders,mild,N,2025-11-14,2025-11-18,RECOVERED,POSSIBLY RELATED,NONE
AE-0000074,SUBJ-000121,CT-101,S0002,Arthralgia,Musculoskeletal disorders,Grade 3,N,2026-08-13,2026-08-24,RECOVERED,NOT RELATED,DRUG INTERRUPTED
AE-0000077,SUBJ-000122,CT-101,S0005,Alanine aminotransferase increased,Investigations,Severe,N,2026-07-31,2026-08-09,RECOVERED,RELATED,NONE
AE-0000078,SUBJ-000122,CT-101,S0005,Diarrhoea,Gastrointestinal disorders,1,N,2026-08-12,2026-08-25,RECOVERED,RELATED,DRUG WITHDRAWN
AE-0000079,SUBJ-000122,CT-101,S0005,Neutropenia,Blood and lymphatic system disorders,mild,N,2026-08-12,,RECOVERING,NOT RELATED,DRUG WITHDRAWN
AE-0000080,SUBJ-000124,CT-101,S0001,Dizziness,Nervous system disorders,2,N,2026-06-12,2026-06-13,RECOVERED,RELATED,NONE
AE-0000081,SUBJ-000130,CT-101,S0001,Diarrhoea,Gastrointestinal disorders,2,N,2026-04-29,2026-05-18,RECOVERED,POSSIBLY RELATED,DRUG WITHDRAWN
AE-0000082,SUBJ-000133,CT-101,S0001,Fatigue,General disorders,Grade 2,N,2025-08-25,,ONGOING,POSSIBLY RELATED,DOSE REDUCED
AE-0000083,SUBJ-000133,CT-101,S0001,Arthralgia,Musculoskeletal disorders,Grade 1,N,2025-09-02,2025-10-15,RECOVERED,POSSIBLY RELATED,DRUG WITHDRAWN
AE-0000084,SUBJ-000134,CT-101,S0005,Pyrexia,General disorders,moderate,N,2026-01-15,,RECOVERING,NOT RELATED,DRUG INTERRUPTED
AE-0000085,SUBJ-000134,CT-101,S0005,Diarrhoea,Gastrointestinal disorders,MODERATE,N,2026-05-05,,RECOVERING,POSSIBLY RELATED,DOSE REDUCED
AE-0000086,SUBJ-000134,CT-101,S0005,Diarrhoea,Gastrointestinal disorders,Mild,N,2026-05-26,2026-05-31,RECOVERED,POSSIBLY RELATED,DOSE REDUCED
AE-0000088,SUBJ-000136,CT-101,S0002,Headache,Nervous system disorders,mild,N,2026-07-03,2026-07-24,RECOVERED,RELATED,DRUG INTERRUPTED
AE-0000089,SUBJ-000138,CT-101,S0001,Pneumonia,Infections and infestations,MILD,N,2026-03-29,2026-04-09,RECOVERED,NOT RELATED,DRUG INTERRUPTED
AE-0000090,SUBJ-000138,CT-101,S0001,Nausea,Gastrointestinal disorders,severe,Y,2026-04-06,2026-04-13,RECOVERED,POSSIBLY RELATED,DOSE REDUCED
AE-0000091,SUBJ-000146,CT-101,S0003,Vomiting,Gastrointestinal disorders,1,N,2026-08-23,,RECOVERING,RELATED,DRUG INTERRUPTED
AE-0000093,SUBJ-000150,CT-101,S0001,Syncope,Nervous system disorders,MODERATE,N,2026-03-19,2026-03-23,RECOVERED,NOT RELATED,DRUG WITHDRAWN
AE-0000094,SUBJ-000151,CT-101,S0005,Diarrhoea,Gastrointestinal disorders,Mild,N,2026-08-21,,ONGOING,POSSIBLY RELATED,NONE
AE-0000096,SUBJ-000151,CT-101,S0005,Vomiting,Gastrointestinal disorders,Grade 1,N,2026-08-20,,ONGOING,RELATED,DRUG INTERRUPTED
AE-0000097,SUBJ-000154,CT-101,S0003,Fatigue,General disorders,Mild,N,2025-12-29,,RECOVERING,RELATED,NONE
AE-0000098,SUBJ-000160,CT-101,S0004,Headache,Nervous system disorders,N/A,N,2026-08-21,,ONGOING,RELATED,DOSE REDUCED
AE-0000099,SUBJ-000164,CT-101,S0002,Anaemia,Blood and lymphatic system disorders,MODERATE,N,2026-06-13,2026-06-17,RECOVERED,POSSIBLY RELATED,DRUG INTERRUPTED
AE-0000100,SUBJ-000164,CT-101,S0002,Neutropenia,Blood and lymphatic system disorders,Grade 1,N,2026-07-27,,RECOVERING,NOT RELATED,DOSE REDUCED
AE-0000101,SUBJ-000164,CT-101,S0002,Fatigue,General disorders,mild,N,2026-08-12,,ONGOING,NOT RELATED,DOSE REDUCED
AE-0000102,SUBJ-000172,CT-101,S0002,Diarrhoea,Gastrointestinal disorders,MILD,N,2025-10-06,,ONGOING,POSSIBLY RELATED,NONE
AE-0000103,SUBJ-000172,CT-101,S0002,Dizziness,Nervous system disorders,Grade 1,N,2026-03-28,2026-04-21,RECOVERED,RELATED,NONE
AE-0000104,SUBJ-000176,CT-101,S0004,Headache,Nervous system disorders,MILD,N,2026-05-10,2026-06-23,RECOVERED,RELATED,NONE
AE-0000105,SUBJ-000176,CT-101,S0004,Headache,Nervous system disorders,moderate,N,2025-11-24,2025-11-26,RECOVERED,POSSIBLY RELATED,DOSE REDUCED
AE-0000106,SUBJ-000177,CT-101,S0003,Neutropenia,Blood and lymphatic system disorders,Mild,N,2026-05-16,2026-06-23,RECOVERED,POSSIBLY RELATED,DOSE REDUCED
AE-0000107,SUBJ-000177,CT-101,S0003,Arthralgia,Musculoskeletal disorders,MILD,N,2026-06-18,2026-07-20,RECOVERED,NOT RELATED,DOSE REDUCED
AE-0000108,SUBJ-000188,CT-101,S0003,Diarrhoea,Gastrointestinal disorders,2,N,2025-11-03,2025-11-05,RECOVERED,POSSIBLY RELATED,DOSE REDUCED
AE-0000109,SUBJ-000188,CT-101,S0003,Headache,Nervous system disorders,Grade 1,N,2026-05-05,2026-05-18,RECOVERED,RELATED,NONE
AE-0000110,SUBJ-000197,CT-101,S0001,Nausea,Gastrointestinal disorders,mild,N,2026-08-08,,ONGOING,RELATED,DOSE REDUCED
AE-0000111,SUBJ-000199,CT-101,S0001,Alanine aminotransferase increased,Investigations,mild,N,2026-08-24,,RECOVERING,POSSIBLY RELATED,NONE
AE-0000114,SUBJ-000212,CT-101,S0005,Diarrhoea,Gastrointestinal disorders,Moderate,N,2026-06-27,,ONGOING,NOT RELATED,NONE
AE-0000115,SUBJ-000212,CT-101,S0005,Pyrexia,General disorders,2,N,2026-08-24,,RECOVERING,POSSIBLY RELATED,NONE
AE-0000118,SUBJ-000215,CT-101,S0005,Hypertension,Vascular disorders,MODERATE,N,2026-08-13,2026-08-19,RECOVERED,RELATED,NONE
AE-0000119,SUBJ-000216,CT-101,S0006,Nausea,Gastrointestinal disorders,MILD,N,2026-07-23,2026-08-19,RECOVERED,NOT RELATED,DRUG WITHDRAWN
AE-0000120,SUBJ-000216,CT-101,S0006,Pyrexia,General disorders,mild,N,2026-07-08,2026-08-06,RECOVERED,NOT RELATED,NONE
AE-0000121,SUBJ-000218,CT-101,S0004,Fatigue,General disorders,moderate,N,2026-08-14,,RECOVERING,POSSIBLY RELATED,DOSE REDUCED
AE-0000123,SUBJ-000227,CT-101,S0005,Pyrexia,General disorders,1,N,2026-08-08,2026-09-02,RECOVERED,NOT RELATED,DRUG INTERRUPTED
AE-0000124,SUBJ-000227,CT-101,S0005,Headache,Nervous system disorders,mild,N,2026-06-16,2026-06-24,RECOVERED,RELATED,NONE
AE-0000125,SUBJ-000228,CT-101,S0006,Fatigue,General disorders,Moderate,N,2025-12-18,,RECOVERING,NOT RELATED,DRUG INTERRUPTED
AE-0000126,SUBJ-000228,CT-101,S0006,Rash,Skin and subcutaneous tissue disorders,mild,N,2026-02-19,,ONGOING,NOT RELATED,NONE
AE-0000127,SUBJ-000230,CT-101,S0004,Dizziness,Nervous system disorders,moderate,N,2026-08-13,2026-09-02,RECOVERED,NOT RELATED,DRUG INTERRUPTED
AE-0000128,SUBJ-000235,CT-101,S0005,Anaemia,Blood and lymphatic system disorders,MODERATE,N,2026-01-27,2026-02-04,RECOVERED,POSSIBLY RELATED,DRUG INTERRUPTED
AE-0000129,SUBJ-000235,CT-101,S0005,Headache,Nervous system disorders,2,N,2025-12-09,2025-12-20,RECOVERED,NOT RELATED,DRUG INTERRUPTED
AE-0000130,SUBJ-000235,CT-101,S0005,Headache,Nervous system disorders,MILD,N,2026-03-14,2026-03-28,RECOVERED,NOT RELATED,DRUG WITHDRAWN
AE-0000131,SUBJ-000251,CT-101,S0005,Headache,Nervous system disorders,Grade 1,N,2026-02-11,,RECOVERING,NOT RELATED,NONE
AE-0000132,SUBJ-000252,CT-101,S0005,Fatigue,General disorders,1,N,2026-01-14,2026-01-22,RECOVERED,POSSIBLY RELATED,NONE
AE-0000133,SUBJ-000254,CT-101,S0001,Pneumonia,Infections and infestations,SEVERE,N,2026-05-21,2026-07-04,RECOVERED,POSSIBLY RELATED,DRUG INTERRUPTED
AE-0000134,SUBJ-000255,CT-101,S0002,Headache,Nervous system disorders,1,N,2026-08-22,,ONGOING,POSSIBLY RELATED,NONE
AE-0000135,SUBJ-000257,CT-101,S0003,Fatigue,General disorders,Moderate,N,2025-11-17,,RECOVERING,NOT RELATED,DOSE REDUCED
AE-0000136,SUBJ-000257,CT-101,S0003,Nausea,Gastrointestinal disorders,Grade 2,N,2025-11-21,2025-12-20,RECOVERED,NOT RELATED,DOSE REDUCED
AE-0000138,SUBJ-000264,CT-101,S0006,Dizziness,Nervous system disorders,1,N,2026-08-18,,RECOVERING,RELATED,NONE
AE-0000139,SUBJ-000265,CT-101,S0004,Rash,Skin and subcutaneous tissue disorders,MODERATE,N,2026-07-09,2026-07-30,RECOVERED,RELATED,DRUG WITHDRAWN
AE-0000140,SUBJ-000265,CT-101,S0004,Rash,Skin and subcutaneous tissue disorders,3,Y,2026-08-24,,ONGOING,RELATED,DRUG WITHDRAWN
AE-0000141,SUBJ-000265,CT-101,S0004,Diarrhoea,Gastrointestinal disorders,Grade 1,N,2026-08-19,2026-09-03,RECOVERED,NOT RELATED,DOSE REDUCED
AE-0000142,SUBJ-000268,CT-101,S0001,Dizziness,Nervous system disorders,1,N,2026-04-20,,RECOVERING,POSSIBLY RELATED,DRUG INTERRUPTED
AE-0000143,SUBJ-000268,CT-101,S0001,Rash,Skin and subcutaneous tissue disorders,2,N,2026-03-07,2026-04-20,RECOVERED,RELATED,DRUG INTERRUPTED
AE-0000144,SUBJ-000275,CT-101,S0001,Fatigue,General disorders,Grade 1,N,2026-03-14,2026-04-20,RECOVERED,NOT RELATED,DRUG INTERRUPTED
AE-0000145,SUBJ-000275,CT-101,S0001,Alanine aminotransferase increased,Investigations,2,N,2026-02-28,,RECOVERING,NOT RELATED,DRUG WITHDRAWN
AE-0000146,SUBJ-000277,CT-101,S0003,Insomnia,Psychiatric disorders,mild,N,2025-09-29,,ONGOING,RELATED,DRUG INTERRUPTED
AE-0000147,SUBJ-000277,CT-101,S0003,Diarrhoea,Gastrointestinal disorders,Severe,N,2026-01-26,2026-02-12,RECOVERED,NOT RELATED,DOSE REDUCED
AE-0000148,SUBJ-000277,CT-101,S0003,Fatigue,General disorders,1,N,2025-11-02,2025-12-06,RECOVERED,NOT RELATED,DRUG INTERRUPTED
AE-0000149,SUBJ-000281,CT-101,S0001,Pyrexia,General disorders,MILD,N,2026-01-16,,RECOVERING,NOT RELATED,DRUG WITHDRAWN
AE-0000150,SUBJ-000281,CT-101,S0001,Diarrhoea,Gastrointestinal disorders,Mild,N,2025-11-12,2025-11-28,RECOVERED,POSSIBLY RELATED,DRUG WITHDRAWN
AE-0000151,SUBJ-000283,CT-101,S0004,Diarrhoea,Gastrointestinal disorders,Moderate,N,2026-05-16,2026-06-21,RECOVERED,RELATED,DRUG WITHDRAWN
AE-0000154,SUBJ-000286,CT-101,S0002,Nausea,Gastrointestinal disorders,Grade 1,N,2026-08-09,2026-08-29,RECOVERED,POSSIBLY RELATED,DRUG WITHDRAWN
AE-0000155,SUBJ-000286,CT-101,S0002,Diarrhoea,Gastrointestinal disorders,1,N,2026-08-13,2026-08-17,RECOVERED,RELATED,DRUG WITHDRAWN
AE-0000156,SUBJ-000287,CT-101,S0003,Pyrexia,General disorders,Grade 1,N,2026-04-30,,ONGOING,RELATED,DRUG INTERRUPTED
AE-0000157,SUBJ-000287,CT-101,S0003,Dizziness,Nervous system disorders,MILD,N,2026-07-20,2026-08-09,RECOVERED,POSSIBLY RELATED,DRUG INTERRUPTED
AE-0000160,SUBJ-000293,CT-101,S0004,Neutropenia,Blood and lymphatic system disorders,MODERATE,N,2026-05-28,2026-07-03,RECOVERED,NOT RELATED,DRUG INTERRUPTED
AE-0000161,SUBJ-000293,CT-101,S0004,Fatigue,General disorders,Mild,N,2026-06-20,,RECOVERING,POSSIBLY RELATED,DRUG WITHDRAWN
AE-0000162,SUBJ-000293,CT-101,S0004,Anaemia,Blood and lymphatic system disorders,Moderate,N,2026-03-31,2026-05-06,RECOVERED,POSSIBLY RELATED,DOSE REDUCED
AE-0000163,SUBJ-000303,CT-101,S0002,Headache,Nervous system disorders,Grade 1,N,2026-06-24,2026-07-01,RECOVERED,RELATED,NONE
AE-0000164,SUBJ-000306,CT-101,S0002,Neutropenia,Blood and lymphatic system disorders,Moderate,N,2026-05-13,,RECOVERING,POSSIBLY RELATED,DRUG INTERRUPTED
AE-0000165,SUBJ-000306,CT-101,S0002,Pyrexia,General disorders,2,N,2026-07-18,2026-08-22,RECOVERED,RELATED,DRUG WITHDRAWN
AE-0000166,SUBJ-000309,CT-101,S0004,Vomiting,Gastrointestinal disorders,Mild,N,2026-07-29,,ONGOING,POSSIBLY RELATED,DOSE REDUCED
AE-0000167,SUBJ-000309,CT-101,S0004,Nausea,Gastrointestinal disorders,moderate,N,2026-04-13,2026-05-05,RECOVERED,NOT RELATED,DRUG INTERRUPTED
AE-0000169,SUBJ-000310,CT-101,S0002,Headache,Nervous system disorders,2,N,2026-08-10,2026-08-18,RECOVERED,RELATED,DOSE REDUCED
AE-0000170,SUBJ-000310,CT-101,S0002,Arthralgia,Musculoskeletal disorders,MODERATE,N,2026-06-25,2026-06-30,RECOVERED,NOT RELATED,DRUG WITHDRAWN
AE-0000171,SUBJ-000316,CT-101,S0002,Diarrhoea,Gastrointestinal disorders,Grade 1,N,2026-05-24,,RECOVERING,RELATED,DOSE REDUCED
AE-0000172,SUBJ-000317,CT-101,S0004,Rash,Skin and subcutaneous tissue disorders,1,N,2026-07-18,2026-08-29,RECOVERED,NOT RELATED,DRUG INTERRUPTED
AE-0000173,SUBJ-000317,CT-101,S0004,Pyrexia,General disorders,mild,N,2026-06-29,2026-07-17,RECOVERED,NOT RELATED,DRUG WITHDRAWN
AE-0000174,SUBJ-000317,CT-101,S0004,Fatigue,General disorders,Grade 1,N,2026-07-06,,ONGOING,NOT RELATED,DRUG WITHDRAWN
AE-0000175,SUBJ-000325,CT-101,S0003,Dizziness,Nervous system disorders,Grade 2,N,2026-05-25,,RECOVERING,RELATED,DRUG WITHDRAWN
AE-0000177,SUBJ-000336,CT-102,S0009,Nausea,Gastrointestinal disorders,Grade 2,N,2026-02-16,,ONGOING,POSSIBLY RELATED,NONE
AE-0000178,SUBJ-000339,CT-102,S0013,Alanine aminotransferase increased,Investigations,Mild,N,2026-02-01,,RECOVERING,RELATED,NONE
AE-0000179,SUBJ-000345,CT-102,S0011,Rash,Skin and subcutaneous tissue disorders,mild,N,2026-05-22,2026-06-20,RECOVERED,RELATED,DRUG WITHDRAWN
AE-0000180,SUBJ-000345,CT-102,S0011,Dizziness,Nervous system disorders,3,Y,2026-05-23,2026-06-08,RECOVERED,RELATED,NONE
AE-0000181,SUBJ-000345,CT-102,S0011,Nausea,Gastrointestinal disorders,1,N,2026-03-02,,ONGOING,POSSIBLY RELATED,DOSE REDUCED
AE-0000182,SUBJ-000351,CT-102,S0011,Diarrhoea,Gastrointestinal disorders,mild,N,2025-12-18,2026-02-01,RECOVERED,POSSIBLY RELATED,DRUG WITHDRAWN
AE-0000183,SUBJ-000357,CT-102,S0015,Nausea,Gastrointestinal disorders,mild,N,2025-05-22,2025-06-25,RECOVERED,POSSIBLY RELATED,NONE
AE-0000184,SUBJ-000357,CT-102,S0015,Dizziness,Nervous system disorders,Mild,N,2025-06-09,2025-07-05,RECOVERED,NOT RELATED,DRUG INTERRUPTED
AE-0000185,SUBJ-000357,CT-102,S0015,Rash,Skin and subcutaneous tissue disorders,Moderate,N,2025-09-17,2025-09-21,RECOVERED,POSSIBLY RELATED,DRUG WITHDRAWN
AE-0000186,SUBJ-000359,CT-102,S0012,Alanine aminotransferase increased,Investigations,,Y,2026-05-17,2026-06-01,RECOVERED,POSSIBLY RELATED,DRUG INTERRUPTED
AE-0000187,SUBJ-000360,CT-102,S0013,Vomiting,Gastrointestinal disorders,MODERATE,N,2025-06-21,2025-07-08,RECOVERED,NOT RELATED,DRUG INTERRUPTED
AE-0000188,SUBJ-000360,CT-102,S0013,Nausea,Gastrointestinal disorders,MILD,N,2025-06-23,2025-06-28,RECOVERED,POSSIBLY RELATED,NONE
AE-0000189,SUBJ-000365,CT-102,S0017,Headache,Nervous system disorders,mild,N,2025-06-15,2025-06-28,RECOVERED,POSSIBLY RELATED,DOSE REDUCED
AE-0000190,SUBJ-000365,CT-102,S0017,Diarrhoea,Gastrointestinal disorders,Grade 2,N,2025-07-04,,ONGOING,NOT RELATED,NONE
AE-0000191,SUBJ-000369,CT-102,S0012,Headache,Nervous system disorders,Grade 2,N,2026-03-21,,RECOVERING,NOT RELATED,DRUG WITHDRAWN
AE-0000192,SUBJ-000369,CT-102,S0012,Pyrexia,General disorders,MILD,N,2026-06-19,2026-07-25,RECOVERED,RELATED,DOSE REDUCED
AE-0000193,SUBJ-000370,CT-102,S0013,Headache,Nervous system disorders,moderate,N,2026-08-21,,RECOVERING,POSSIBLY RELATED,DRUG INTERRUPTED
AE-0000194,SUBJ-000370,CT-102,S0013,Syncope,Nervous system disorders,1,N,2026-06-29,,ONGOING,POSSIBLY RELATED,DRUG INTERRUPTED
AE-0000195,SUBJ-000374,CT-102,S0014,Vomiting,Gastrointestinal disorders,Severe,N,2026-04-12,,ONGOING,NOT RELATED,DOSE REDUCED
AE-0000196,SUBJ-000376,CT-102,S0008,Fatigue,General disorders,2,N,2026-06-10,2026-06-17,RECOVERED,RELATED,NONE
AE-0000197,SUBJ-000378,CT-102,S0013,Headache,Nervous system disorders,Mild,N,2026-01-26,2026-02-26,RECOVERED,RELATED,NONE
AE-0000198,SUBJ-000379,CT-102,S0008,Vomiting,Gastrointestinal disorders,mild,N,2026-08-19,,RECOVERING,POSSIBLY RELATED,DRUG INTERRUPTED
AE-0000199,SUBJ-000379,CT-102,S0008,Pyrexia,General disorders,MILD,N,2026-07-12,,ONGOING,NOT RELATED,DOSE REDUCED
AE-0000200,SUBJ-000381,CT-102,S0017,Nausea,Gastrointestinal disorders,Mild,YES,2026-08-12,,RECOVERING,RELATED,DRUG WITHDRAWN
AE-0000202,SUBJ-000383,CT-102,S0018,Neutropenia,Blood and lymphatic system disorders,1,N,2026-08-19,,RECOVERING,NOT RELATED,DRUG INTERRUPTED
AE-0000203,SUBJ-000383,CT-102,S0018,Diarrhoea,Gastrointestinal disorders,SEVERE,N,2026-08-13,2026-09-06,RECOVERED,POSSIBLY RELATED,DOSE REDUCED
AE-0000204,SUBJ-000395,CT-102,S0018,Fatigue,General disorders,moderate,N,2025-08-08,,ONGOING,POSSIBLY RELATED,NONE
AE-0000205,SUBJ-000413,CT-102,S0014,Diarrhoea,Gastrointestinal disorders,Mild,N,2026-01-17,2026-01-21,RECOVERED,RELATED,NONE
AE-0000206,SUBJ-000413,CT-102,S0014,Diarrhoea,Gastrointestinal disorders,Moderate,N,2025-09-17,,RECOVERING,POSSIBLY RELATED,DRUG WITHDRAWN
AE-0000207,SUBJ-000413,CT-102,S0014,Diarrhoea,Gastrointestinal disorders,MILD,N,2025-08-24,,RECOVERING,RELATED,DRUG WITHDRAWN
AE-0000208,SUBJ-000414,CT-102,S0013,Neutropenia,Blood and lymphatic system disorders,Grade 3,N,2026-05-02,,RECOVERING,NOT RELATED,DRUG WITHDRAWN
AE-0000209,SUBJ-000414,CT-102,S0013,Dizziness,Nervous system disorders,SEVERE,Y,,2026-05-24,RECOVERED,POSSIBLY RELATED,DRUG WITHDRAWN
AE-0000210,SUBJ-000414,CT-102,S0013,Nausea,Gastrointestinal disorders,mild,N,2026-01-08,2026-01-16,RECOVERED,RELATED,DRUG WITHDRAWN
AE-0000211,SUBJ-000418,CT-102,S0011,Headache,Nervous system disorders,Mild,N,2025-10-02,,ONGOING,NOT RELATED,DOSE REDUCED
AE-0000212,SUBJ-000418,CT-102,S0011,Rash,Skin and subcutaneous tissue disorders,MILD,N,2025-09-07,2025-10-10,RECOVERED,RELATED,DRUG INTERRUPTED
AE-0000213,SUBJ-000418,CT-102,S0011,Arthralgia,Musculoskeletal disorders,MILD,N,2026-03-09,2026-04-14,RECOVERED,POSSIBLY RELATED,DRUG WITHDRAWN
AE-0000214,SUBJ-000421,CT-102,S0011,Rash,Skin and subcutaneous tissue disorders,2,N,2026-06-15,2026-06-21,RECOVERED,NOT RELATED,DRUG WITHDRAWN
AE-0000215,SUBJ-000423,CT-102,S0015,Headache,Nervous system disorders,Grade 2,N,2026-06-04,2026-07-03,RECOVERED,NOT RELATED,DRUG INTERRUPTED
AE-0000216,SUBJ-000423,CT-102,S0015,Anaemia,Blood and lymphatic system disorders,moderate,N,2026-04-09,2026-05-02,RECOVERED,RELATED,DOSE REDUCED
AE-0000217,SUBJ-000428,CT-102,S0010,Pyrexia,General disorders,Grade 2,N,2025-07-26,2025-08-07,RECOVERED,NOT RELATED,DRUG INTERRUPTED
AE-0000218,SUBJ-000428,CT-102,S0010,Nausea,Gastrointestinal disorders,Mild,N,2025-08-31,2025-09-27,RECOVERED,POSSIBLY RELATED,DRUG INTERRUPTED
AE-0000219,SUBJ-000428,CT-102,S0010,Neutropenia,Blood and lymphatic system disorders,Grade 1,N,2025-08-28,2025-09-25,RECOVERED,POSSIBLY RELATED,NONE
AE-0000220,SUBJ-000433,CT-102,S0015,Fatigue,General disorders,mild,N,2026-06-28,2026-07-08,RECOVERED,RELATED,NONE
AE-0000221,SUBJ-000433,CT-102,S0015,Insomnia,Psychiatric disorders,mild,N,2026-06-23,2026-07-12,RECOVERED,POSSIBLY RELATED,DRUG WITHDRAWN
AE-0000222,SUBJ-000435,CT-102,S0014,Syncope,Nervous system disorders,Mild,N,2026-08-11,,ONGOING,RELATED,DRUG WITHDRAWN
AE-0000223,,CT-102,S0014,Headache,Nervous system disorders,MODERATE,N,2026-08-22,2026-09-04,RECOVERED,RELATED,DRUG INTERRUPTED
AE-0000224,SUBJ-000439,CT-102,S0011,Dizziness,Nervous system disorders,Unknown,N,2026-03-27,,ONGOING,POSSIBLY RELATED,DOSE REDUCED
AE-0000225,SUBJ-000443,CT-102,S0017,Pyrexia,General disorders,2,N,2026-08-16,,ONGOING,POSSIBLY RELATED,NONE
AE-0000226,SUBJ-000443,CT-102,S0017,Neutropenia,Blood and lymphatic system disorders,Severe,N,2026-08-24,,ONGOING,RELATED,DRUG INTERRUPTED
AE-0000227,SUBJ-000443,CT-102,S0017,Pyrexia,General disorders,SEVERE,Y,2026-08-24,,RECOVERING,RELATED,DRUG INTERRUPTED
AE-0000228,SUBJ-000445,CT-102,S0014,Anaemia,Blood and lymphatic system disorders,Mild,N,2026-03-16,2026-04-30,RECOVERED,RELATED,DRUG INTERRUPTED
AE-0000229,SUBJ-000445,CT-102,S0014,Dizziness,Nervous system disorders,MILD,N,2026-06-21,2026-07-16,RECOVERED,RELATED,DRUG INTERRUPTED
AE-0000230,SUBJ-000445,CT-102,S0014,Rash,Skin and subcutaneous tissue disorders,Moderate,N,2026-02-27,,ONGOING,NOT RELATED,NONE
AE-0000231,SUBJ-000453,CT-102,S0008,Headache,Nervous system disorders,2,N,2026-08-19,,RECOVERING,POSSIBLY RELATED,DRUG WITHDRAWN
AE-0000232,SUBJ-000460,CT-102,S0010,Diarrhoea,Gastrointestinal disorders,Grade 1,N,2026-04-14,2026-05-02,RECOVERED,RELATED,DOSE REDUCED
AE-0000233,SUBJ-000460,CT-102,S0010,Fatigue,General disorders,Grade 2,N,2026-04-05,,RECOVERING,POSSIBLY RELATED,NONE
AE-0000234,SUBJ-000460,CT-102,S0010,Diarrhoea,Gastrointestinal disorders,mild,N,2026-05-26,,RECOVERING,RELATED,DRUG WITHDRAWN
AE-0000235,SUBJ-000462,CT-102,S0011,Pyrexia,General disorders,mild,N,2026-06-05,2026-07-07,RECOVERED,POSSIBLY RELATED,NONE
AE-0000236,SUBJ-000462,CT-102,S0011,Fatigue,General disorders,Moderate,N,2026-04-05,2026-05-10,RECOVERED,NOT RELATED,DRUG INTERRUPTED
AE-0000237,SUBJ-000464,CT-102,S0016,Diarrhoea,Gastrointestinal disorders,MILD,N,2025-10-24,,ONGOING,RELATED,DOSE REDUCED
AE-0000238,SUBJ-000464,CT-102,S0016,Rash,Skin and subcutaneous tissue disorders,2,N,2026-01-27,2026-01-29,RECOVERED,POSSIBLY RELATED,DRUG WITHDRAWN
AE-0000239,SUBJ-000465,CT-102,S0013,Nausea,Gastrointestinal disorders,Mild,N,2026-02-16,2026-03-21,RECOVERED,NOT RELATED,DRUG WITHDRAWN
AE-0000240,SUBJ-000466,CT-102,S0008,Diarrhoea,Gastrointestinal disorders,moderate,N,2026-05-12,,ONGOING,RELATED,DRUG WITHDRAWN
AE-0000241,SUBJ-000466,CT-102,S0008,Nausea,Gastrointestinal disorders,MILD,N,2026-07-04,2026-08-07,RECOVERED,POSSIBLY RELATED,DOSE REDUCED
AE-0000242,SUBJ-000470,CT-102,S0008,Diarrhoea,Gastrointestinal disorders,1,N,2025-12-27,2026-02-02,RECOVERED,POSSIBLY RELATED,DOSE REDUCED
AE-0000243,SUBJ-000470,CT-102,S0008,Headache,Nervous system disorders,mild,N,2026-03-23,,ONGOING,RELATED,DOSE REDUCED
AE-0000244,SUBJ-000473,CT-102,S0014,Neutropenia,Blood and lymphatic system disorders,Moderate,N,2025-12-31,2026-01-15,RECOVERED,NOT RELATED,DRUG INTERRUPTED
AE-0000245,SUBJ-000473,CT-102,S0014,Nausea,Gastrointestinal disorders,Grade 1,N,2026-06-06,2026-06-26,RECOVERED,POSSIBLY RELATED,DRUG WITHDRAWN
AE-0000246,SUBJ-000477,CT-102,S0015,Nausea,Gastrointestinal disorders,Mild,N,2025-11-04,2025-12-15,RECOVERED,NOT RELATED,DRUG INTERRUPTED
AE-0000247,SUBJ-000477,CT-102,S0015,Nausea,Gastrointestinal disorders,Mild,N,2025-09-25,2025-10-10,RECOVERED,NOT RELATED,DRUG INTERRUPTED
AE-0000248,SUBJ-000483,CT-102,S0007,Dizziness,Nervous system disorders,mild,N,2026-03-09,2026-03-12,RECOVERED,POSSIBLY RELATED,DOSE REDUCED
AE-0000249,SUBJ-000485,CT-102,S0007,Diarrhoea,Gastrointestinal disorders,Mild,N,2026-08-08,,RECOVERING,POSSIBLY RELATED,DRUG INTERRUPTED
AE-0000250,SUBJ-000485,CT-102,S0007,Vomiting,Gastrointestinal disorders,Mild,N,2026-08-09,,RECOVERING,NOT RELATED,DRUG INTERRUPTED
AE-0000251,SUBJ-000485,CT-102,S0007,Syncope,Nervous system disorders,MILD,N,2026-07-28,2026-08-14,RECOVERED,RELATED,NONE
AE-0000252,SUBJ-000490,CT-102,S0014,Nausea,Gastrointestinal disorders,Grade 1,N,2026-01-16,2026-02-22,RECOVERED,RELATED,NONE
AE-0000253,SUBJ-000490,CT-102,S0014,Neutropenia,Blood and lymphatic system disorders,mild,N,2026-04-26,2026-06-07,RECOVERED,POSSIBLY RELATED,DRUG INTERRUPTED
AE-0000254,SUBJ-000493,CT-102,S0008,Vomiting,Gastrointestinal disorders,moderate,N,2026-02-06,2026-02-18,RECOVERED,RELATED,DRUG INTERRUPTED
AE-0000255,SUBJ-000493,CT-102,S0008,Fatigue,General disorders,severe,N,2026-08-19,2026-09-07,RECOVERED,RELATED,DRUG INTERRUPTED
AE-0000257,SUBJ-000495,CT-102,S0008,Fatigue,General disorders,moderate,N,2026-06-30,2026-07-09,RECOVERED,RELATED,NONE
AE-0000259,SUBJ-000497,CT-102,S0010,Dizziness,Nervous system disorders,1,N,2026-08-19,2026-09-05,RECOVERED,RELATED,DRUG WITHDRAWN
AE-0000262,SUBJ-000499,CT-102,S0009,Fatigue,General disorders,1,N,2026-08-11,2026-08-14,RECOVERED,RELATED,DOSE REDUCED
AE-0000263,SUBJ-000503,CT-102,S0011,Headache,Nervous system disorders,MODERATE,N,2025-10-31,2025-12-08,RECOVERED,POSSIBLY RELATED,NONE
AE-0000264,SUBJ-000503,CT-102,S0011,Diarrhoea,Gastrointestinal disorders,MILD,N,2025-08-10,2025-08-28,RECOVERED,NOT RELATED,DRUG INTERRUPTED
AE-0000265,SUBJ-000504,CT-102,S0008,Nausea,Gastrointestinal disorders,Severe,N,2026-08-17,2026-08-23,RECOVERED,RELATED,NONE
AE-0000266,SUBJ-000504,CT-102,S0008,Rash,Skin and subcutaneous tissue disorders,Grade 3,Y,2026-08-23,,ONGOING,RELATED,DRUG WITHDRAWN
AE-0000267,SUBJ-000506,CT-102,S0013,Diarrhoea,Gastrointestinal disorders,,Y,2026-06-13,,ONGOING,POSSIBLY RELATED,NONE
AE-0000268,SUBJ-000506,CT-102,S0013,Fatigue,General disorders,Moderate,N,2026-05-17,2026-06-29,RECOVERED,RELATED,NONE
AE-0000269,SUBJ-000506,CT-102,S0013,Fatigue,General disorders,MILD,N,2026-08-05,,ONGOING,POSSIBLY RELATED,DRUG WITHDRAWN
AE-0000270,SUBJ-000510,CT-102,S0016,Headache,Nervous system disorders,Moderate,N,2026-01-08,2026-02-10,RECOVERED,NOT RELATED,DRUG WITHDRAWN
AE-0000271,SUBJ-000510,CT-102,S0016,Diarrhoea,Gastrointestinal disorders,mild,N,2026-05-08,,ONGOING,POSSIBLY RELATED,NONE
AE-0000272,SUBJ-000510,CT-102,S0016,Fatigue,General disorders,MILD,N,2026-05-26,,RECOVERING,NOT RELATED,DRUG WITHDRAWN
AE-0000273,SUBJ-000511,CT-102,S0007,Dizziness,Nervous system disorders,Grade 2,N,2026-07-24,2026-09-01,RECOVERED,POSSIBLY RELATED,DRUG WITHDRAWN
AE-0000274,SUBJ-000511,CT-102,S0007,Dizziness,Nervous system disorders,MILD,N,2026-07-20,2026-09-02,RECOVERED,POSSIBLY RELATED,NONE
AE-0000276,SUBJ-000512,CT-102,S0009,Rash,Skin and subcutaneous tissue disorders,1,N,2026-04-08,2026-04-12,RECOVERED,NOT RELATED,DOSE REDUCED
AE-0000277,SUBJ-000512,CT-102,S0009,Diarrhoea,Gastrointestinal disorders,moderate,N,2025-12-17,2026-01-18,RECOVERED,POSSIBLY RELATED,NONE
AE-0000278,SUBJ-000512,CT-102,S0009,Fatigue,General disorders,moderate,N,2026-06-09,2026-07-20,RECOVERED,NOT RELATED,DRUG INTERRUPTED
AE-0000279,SUBJ-000513,CT-102,S0007,Headache,Nervous system disorders,SEVERE,Y,2026-01-03,2026-01-17,RECOVERED,POSSIBLY RELATED,DOSE REDUCED
AE-0000280,SUBJ-000513,CT-102,S0007,Pyrexia,General disorders,Grade 1,N,2026-02-01,2026-02-02,RECOVERED,RELATED,DOSE REDUCED
AE-0000281,SUBJ-000513,CT-102,S0007,Headache,Nervous system disorders,Moderate,N,2026-01-27,2026-01-29,RECOVERED,RELATED,NONE
AE-0000282,SUBJ-000518,CT-102,S0007,Anaemia,Blood and lymphatic system disorders,MILD,N,2026-08-02,,RECOVERING,POSSIBLY RELATED,DOSE REDUCED
AE-0000283,SUBJ-000518,CT-102,S0007,Pyrexia,General disorders,Grade 1,N,2026-07-13,2026-08-10,RECOVERED,RELATED,DRUG INTERRUPTED
AE-0000284,SUBJ-000518,CT-102,S0007,Diarrhoea,Gastrointestinal disorders,Grade 1,N,2026-07-14,,ONGOING,POSSIBLY RELATED,DOSE REDUCED
AE-0000285,SUBJ-000520,CT-102,S0007,Headache,Nervous system disorders,mild,N,2026-01-04,2026-01-16,RECOVERED,NOT RELATED,DOSE REDUCED
AE-0000287,SUBJ-000523,CT-102,S0012,Neutropenia,Blood and lymphatic system disorders,mild,N,2026-08-11,2026-09-01,RECOVERED,RELATED,DRUG WITHDRAWN
AE-0000288,SUBJ-000523,CT-102,S0012,Hypertension,Vascular disorders,mild,N,2026-08-22,,RECOVERING,POSSIBLY RELATED,DOSE REDUCED
AE-0000289,SUBJ-000525,CT-102,S0014,Dizziness,Nervous system disorders,mild,N,2026-02-23,2026-02-24,RECOVERED,RELATED,DRUG WITHDRAWN
AE-0000290,SUBJ-000530,CT-102,S0009,Hypertension,Vascular disorders,MILD,N,2026-05-18,2026-06-10,RECOVERED,RELATED,DOSE REDUCED
AE-0000291,SUBJ-000530,CT-102,S0009,Vomiting,Gastrointestinal disorders,Grade 2,N,2026-04-11,2026-05-22,RECOVERED,RELATED,NONE
AE-0000292,SUBJ-000532,CT-102,S0014,Headache,Nervous system disorders,Grade 1,N,2026-08-12,,ONGOING,RELATED,DOSE REDUCED
AE-0000294,SUBJ-000532,CT-102,S0014,Headache,Nervous system disorders,Moderate,N,2026-07-18,2026-07-20,RECOVERED,POSSIBLY RELATED,DRUG WITHDRAWN
AE-0000295,SUBJ-000533,CT-102,S0016,Pyrexia,General disorders,Mild,N,2025-07-09,,ONGOING,POSSIBLY RELATED,DRUG INTERRUPTED
AE-0000296,SUBJ-000533,CT-102,S0016,Dizziness,Nervous system disorders,2,N,2025-08-30,2025-09-27,RECOVERED,NOT RELATED,NONE
AE-0000297,SUBJ-000534,CT-102,S0011,Diarrhoea,Gastrointestinal disorders,Grade 2,N,2026-02-03,,ONGOING,NOT RELATED,DRUG INTERRUPTED
AE-0000298,SUBJ-000545,CT-102,S0018,Dizziness,Nervous system disorders,MILD,N,2026-08-22,,ONGOING,RELATED,DRUG WITHDRAWN
AE-0000299,SUBJ-000545,CT-102,S0018,Alanine aminotransferase increased,Investigations,MILD,N,2026-08-13,,ONGOING,POSSIBLY RELATED,DRUG WITHDRAWN
AE-0000301,SUBJ-000552,CT-102,S0013,Diarrhoea,Gastrointestinal disorders,MODERATE,N,2026-07-05,2026-08-07,RECOVERED,POSSIBLY RELATED,DOSE REDUCED
AE-0000302,SUBJ-000552,CT-102,S0013,Headache,Nervous system disorders,Moderate,N,2026-04-01,2026-04-06,RECOVERED,POSSIBLY RELATED,DRUG WITHDRAWN
AE-0000303,SUBJ-000562,CT-102,S0014,Rash,Skin and subcutaneous tissue disorders,1,N,2026-01-03,2026-02-07,RECOVERED,POSSIBLY RELATED,DRUG INTERRUPTED
AE-0000304,SUBJ-000562,CT-102,S0014,Headache,Nervous system disorders,Mild,N,2025-12-13,2026-01-07,RECOVERED,POSSIBLY RELATED,DOSE REDUCED
AE-0000305,SUBJ-000562,CT-102,S0014,Alanine aminotransferase increased,Investigations,moderate,N,2025-12-01,2025-12-13,RECOVERED,RELATED,DRUG INTERRUPTED
AE-0000306,SUBJ-000564,CT-102,S0014,Headache,Nervous system disorders,2,N,2026-01-02,,RECOVERING,POSSIBLY RELATED,NONE
AE-0000307,SUBJ-000565,CT-102,S0008,Insomnia,Psychiatric disorders,moderate,N,2025-12-09,2025-12-16,RECOVERED,POSSIBLY RELATED,NONE
AE-0000308,SUBJ-000565,CT-102,S0008,Pyrexia,General disorders,1,N,2026-02-19,2026-03-08,RECOVERED,NOT RELATED,DRUG WITHDRAWN
AE-0000309,SUBJ-000565,CT-102,S0008,Fatigue,General disorders,Grade 1,N,2025-12-10,2026-01-12,RECOVERED,NOT RELATED,DOSE REDUCED
AE-0000310,SUBJ-000568,CT-102,S0015,Rash,Skin and subcutaneous tissue disorders,moderate,N,2026-03-01,2026-04-02,RECOVERED,RELATED,DRUG INTERRUPTED
AE-0000311,SUBJ-000568,CT-102,S0015,Headache,Nervous system disorders,1,N,2026-02-14,,RECOVERING,RELATED,DRUG WITHDRAWN
AE-0000312,SUBJ-000569,CT-102,S0015,Fatigue,General disorders,Grade 2,N,2026-03-02,2026-03-12,RECOVERED,POSSIBLY RELATED,DRUG WITHDRAWN
AE-0000313,SUBJ-000569,CT-102,S0015,Diarrhoea,Gastrointestinal disorders,1,N,2025-10-02,2025-10-20,RECOVERED,POSSIBLY RELATED,NONE
AE-0000314,SUBJ-000569,CT-102,S0015,Anaemia,Blood and lymphatic system disorders,1,N,2025-10-08,,ONGOING,POSSIBLY RELATED,NONE
AE-0000315,SUBJ-000571,CT-102,S0011,Insomnia,Psychiatric disorders,moderate,N,2025-06-11,2025-06-30,RECOVERED,NOT RELATED,NONE
AE-0000316,SUBJ-000573,CT-102,S0013,Rash,Skin and subcutaneous tissue disorders,moderate,N,2025-06-19,,ONGOING,NOT RELATED,DOSE REDUCED
AE-0000317,SUBJ-000573,CT-102,S0013,Anaemia,Blood and lymphatic system disorders,Moderate,N,2025-07-27,2025-08-09,RECOVERED,POSSIBLY RELATED,DRUG INTERRUPTED
AE-0000318,SUBJ-000576,CT-102,S0016,Dizziness,Nervous system disorders,Moderate,N,2026-04-20,2026-05-07,RECOVERED,RELATED,NONE
AE-0000319,SUBJ-000576,CT-102,S0016,Fatigue,General disorders,MODERATE,N,2026-05-24,2026-06-11,RECOVERED,RELATED,DOSE REDUCED
AE-0000320,SUBJ-000584,CT-102,S0018,Nausea,Gastrointestinal disorders,Grade 1,N,2025-07-03,,RECOVERING,RELATED,DOSE REDUCED
AE-0000321,SUBJ-000584,CT-102,S0018,Insomnia,Psychiatric disorders,2,N,2025-09-03,2025-09-28,RECOVERED,RELATED,DOSE REDUCED
AE-0000322,SUBJ-000595,CT-102,S0010,Arthralgia,Musculoskeletal disorders,Mild,N,2026-03-27,2026-05-08,RECOVERED,POSSIBLY RELATED,DOSE REDUCED
AE-0000323,SUBJ-000595,CT-102,S0010,Fatigue,General disorders,MILD,N,2025-12-25,2025-12-28,RECOVERED,RELATED,NONE
AE-0000324,SUBJ-000595,CT-102,S0010,Anaemia,Blood and lymphatic system disorders,moderate,N,2026-06-17,2026-06-26,RECOVERED,POSSIBLY RELATED,DOSE REDUCED
AE-0000326,SUBJ-000599,CT-102,S0011,Headache,Nervous system disorders,Mild,N,2026-08-18,,RECOVERING,POSSIBLY RELATED,NONE
AE-0000327,SUBJ-000601,CT-102,S0011,Syncope,Nervous system disorders,moderate,N,2026-07-22,,RECOVERING,POSSIBLY RELATED,DOSE REDUCED
AE-0000328,SUBJ-000601,CT-102,S0011,Rash,Skin and subcutaneous tissue disorders,Grade 4,N,2026-05-09,,RECOVERING,POSSIBLY RELATED,DOSE REDUCED
AE-0000329,SUBJ-000601,CT-102,S0011,Fatigue,General disorders,Grade 1,N,2026-05-17,,RECOVERING,POSSIBLY RELATED,DRUG INTERRUPTED
AE-0000330,SUBJ-000610,CT-102,S0008,Dizziness,Nervous system disorders,mild,N,2025-12-12,2025-12-16,RECOVERED,POSSIBLY RELATED,DRUG WITHDRAWN
AE-0000331,SUBJ-000610,CT-102,S0008,Diarrhoea,Gastrointestinal disorders,Grade 1,N,2025-07-26,2025-08-04,RECOVERED,NOT RELATED,DOSE REDUCED
AE-0000332,SUBJ-000611,CT-102,S0010,Fatigue,General disorders,mild,N,2026-07-26,,RECOVERING,NOT RELATED,NONE
AE-0000334,SUBJ-000611,CT-102,S0010,Hypertension,Vascular disorders,mild,N,2026-04-17,,RECOVERING,NOT RELATED,DOSE REDUCED
AE-0000335,SUBJ-000612,CT-102,S0018,Fatigue,General disorders,Mild,N,2026-08-10,,ONGOING,NOT RELATED,NONE
AE-0000336,SUBJ-000612,CT-102,S0018,Nausea,Gastrointestinal disorders,Grade 1,N,2026-08-12,,ONGOING,NOT RELATED,DRUG WITHDRAWN
AE-0000338,SUBJ-000613,CT-102,S0007,Fatigue,General disorders,2,N,2026-07-17,2026-08-03,RECOVERED,RELATED,NONE
AE-0000339,SUBJ-000613,CT-102,S0007,Headache,Nervous system disorders,1,N,2026-06-08,2026-07-22,RECOVERED,NOT RELATED,NONE
AE-0000340,SUBJ-000616,CT-102,S0012,Fatigue,General disorders,1,N,2026-08-23,,RECOVERING,POSSIBLY RELATED,DRUG WITHDRAWN
AE-0000341,SUBJ-000616,CT-102,S0012,Dizziness,Nervous system disorders,1,N,2026-07-28,2026-09-01,RECOVERED,RELATED,DRUG INTERRUPTED
AE-0000342,SUBJ-000616,CT-102,S0012,Diarrhoea,Gastrointestinal disorders,Mild,N,2026-07-15,2026-08-29,RECOVERED,POSSIBLY RELATED,DOSE REDUCED
AE-0000344,SUBJ-000617,CT-102,S0013,Headache,Nervous system disorders,mild,N,2026-08-24,,ONGOING,NOT RELATED,DRUG WITHDRAWN
AE-0000345,SUBJ-000617,CT-102,S0013,Syncope,Nervous system disorders,MODERATE,N,2026-08-15,,ONGOING,NOT RELATED,DRUG INTERRUPTED
AE-0000346,SUBJ-000622,CT-102,S0015,Hypertension,Vascular disorders,Mild,N,2025-06-22,2025-08-06,RECOVERED,POSSIBLY RELATED,DRUG INTERRUPTED
AE-0000347,,CT-102,S0015,Rash,Skin and subcutaneous tissue disorders,Mild,N,2025-11-09,,RECOVERING,POSSIBLY RELATED,DRUG WITHDRAWN
AE-0000348,SUBJ-000624,CT-102,S0011,Headache,Nervous system disorders,Grade 1,N,2026-05-01,2026-06-07,RECOVERED,NOT RELATED,DRUG WITHDRAWN
AE-0000349,SUBJ-000624,CT-102,S0011,Fatigue,General disorders,Grade 1,N,2026-06-17,2026-07-30,RECOVERED,RELATED,DOSE REDUCED
AE-0000350,SUBJ-000625,CT-102,S0009,Diarrhoea,Gastrointestinal disorders,1,N,2025-05-23,2025-06-09,RECOVERED,POSSIBLY RELATED,DOSE REDUCED
AE-0000351,SUBJ-000625,CT-102,S0009,Vomiting,Gastrointestinal disorders,1,N,2025-08-18,2025-09-09,RECOVERED,NOT RELATED,DOSE REDUCED
AE-0000352,SUBJ-000625,CT-102,S0009,Headache,Nervous system disorders,Grade 1,N,2025-05-13,2025-06-20,RECOVERED,POSSIBLY RELATED,DRUG WITHDRAWN
AE-0000353,SUBJ-000629,CT-102,S0016,Nausea,Gastrointestinal disorders,moderate,N,2026-01-07,2026-02-01,RECOVERED,RELATED,DRUG INTERRUPTED
AE-0000354,SUBJ-000629,CT-102,S0016,Dizziness,Nervous system disorders,Mild,N,2025-09-10,,ONGOING,NOT RELATED,DRUG WITHDRAWN
AE-0000355,SUBJ-000629,CT-102,S0016,Nausea,Gastrointestinal disorders,Moderate,N,2025-09-26,2025-10-31,RECOVERED,RELATED,NONE
AE-0000356,SUBJ-000636,CT-102,S0015,Rash,Skin and subcutaneous tissue disorders,2,N,2025-06-26,2025-08-10,RECOVERED,RELATED,DRUG WITHDRAWN
AE-0000357,SUBJ-000636,CT-102,S0015,Dizziness,Nervous system disorders,moderate,N,2025-11-05,2025-11-29,RECOVERED,POSSIBLY RELATED,DOSE REDUCED
AE-0000358,SUBJ-000636,CT-102,S0015,Syncope,Nervous system disorders,Moderate,N,2025-09-30,2025-10-10,RECOVERED,POSSIBLY RELATED,DOSE REDUCED
AE-0000359,SUBJ-000639,CT-102,S0009,Insomnia,Psychiatric disorders,Grade 3,N,2026-05-02,2026-05-26,RECOVERED,NOT RELATED,DRUG WITHDRAWN
AE-0000360,SUBJ-000639,CT-102,S0009,Fatigue,General disorders,mild,N,2026-04-26,2026-06-05,RECOVERED,RELATED,DRUG INTERRUPTED
AE-0000361,SUBJ-000640,CT-102,S0015,Fatigue,General disorders,mild,N,2026-06-04,2026-06-13,RECOVERED,NOT RELATED,DRUG INTERRUPTED
AE-0000362,SUBJ-000640,CT-102,S0015,Hypertension,Vascular disorders,Severe,Y,2026-07-21,,ONGOING,NOT RELATED,DRUG WITHDRAWN
AE-0000363,SUBJ-000643,CT-102,S0016,Dizziness,Nervous system disorders,MILD,N,2025-11-01,2025-12-10,RECOVERED,RELATED,DRUG INTERRUPTED
AE-0000364,SUBJ-000643,CT-102,S0016,Nausea,Gastrointestinal disorders,MILD,N,2025-11-15,2025-11-26,RECOVERED,RELATED,DRUG WITHDRAWN
AE-0000365,SUBJ-000643,CT-102,S0016,Rash,Skin and subcutaneous tissue disorders,MILD,N,2025-07-12,2025-08-12,RECOVERED,RELATED,DOSE REDUCED
AE-0000366,SUBJ-000648,CT-102,S0010,Pyrexia,General disorders,moderate,N,2025-10-30,2025-12-07,RECOVERED,RELATED,DRUG INTERRUPTED
AE-0000367,SUBJ-000648,CT-102,S0010,Pyrexia,General disorders,moderate,N,2026-02-02,2026-02-27,RECOVERED,POSSIBLY RELATED,DRUG WITHDRAWN
AE-0000368,SUBJ-000648,CT-102,S0010,Neutropenia,Blood and lymphatic system disorders,Mild,N,2026-04-08,2026-04-22,RECOVERED,RELATED,DRUG WITHDRAWN
AE-0000369,SUBJ-000650,CT-102,S0012,Nausea,Gastrointestinal disorders,Severe,N,2026-05-17,,ONGOING,NOT RELATED,DRUG WITHDRAWN
AE-0000370,SUBJ-000650,CT-102,S0012,Anaemia,Blood and lymphatic system disorders,Grade 2,N,2026-05-25,,ONGOING,RELATED,DRUG INTERRUPTED
AE-0000373,SUBJ-000651,CT-102,S0015,Syncope,Nervous system disorders,mild,N,2026-05-01,2026-05-15,RECOVERED,RELATED,DRUG INTERRUPTED
AE-0000374,SUBJ-000655,CT-102,S0015,Diarrhoea,Gastrointestinal disorders,mild,N,2025-10-18,,RECOVERING,NOT RELATED,DRUG INTERRUPTED
AE-0000375,SUBJ-000655,CT-102,S0015,Diarrhoea,Gastrointestinal disorders,Mild,N,2025-12-15,2026-01-03,RECOVERED,RELATED,DRUG INTERRUPTED
AE-0000376,SUBJ-000656,CT-102,S0018,Neutropenia,Blood and lymphatic system disorders,Grade 1,N,2026-02-04,2026-02-17,RECOVERED,POSSIBLY RELATED,DOSE REDUCED
AE-0000377,SUBJ-000656,CT-102,S0018,Syncope,Nervous system disorders,2,N,2026-01-26,2026-02-23,RECOVERED,NOT RELATED,DRUG INTERRUPTED
AE-0000378,SUBJ-000660,CT-102,S0014,Syncope,Nervous system disorders,Mild,N,2025-11-09,2025-12-14,RECOVERED,POSSIBLY RELATED,DRUG INTERRUPTED
AE-0000379,SUBJ-000660,CT-102,S0014,Rash,Skin and subcutaneous tissue disorders,Mild,N,2025-10-27,2025-11-14,RECOVERED,NOT RELATED,DRUG INTERRUPTED
AE-0000380,SUBJ-000661,CT-102,S0008,Neutropenia,Blood and lymphatic system disorders,SEVERE,N,2026-02-22,,RECOVERING,NOT RELATED,DOSE REDUCED
AE-0000381,SUBJ-000661,CT-102,S0008,Insomnia,Psychiatric disorders,Mild,N,2026-06-21,2026-07-07,RECOVERED,RELATED,DOSE REDUCED
AE-0000382,SUBJ-000662,CT-102,S0008,Neutropenia,Blood and lymphatic system disorders,MODERATE,N,2026-08-12,2026-08-26,RECOVERED,RELATED,DRUG WITHDRAWN
AE-0000383,SUBJ-000662,CT-102,S0008,Arthralgia,Musculoskeletal disorders,Mild,N,2026-06-20,,RECOVERING,NOT RELATED,DRUG INTERRUPTED
AE-0000384,SUBJ-000664,CT-102,S0014,Nausea,Gastrointestinal disorders,Severe,Y,2026-07-01,2026-07-19,RECOVERED,NOT RELATED,DOSE REDUCED
AE-0000385,SUBJ-000664,CT-102,S0014,Diarrhoea,Gastrointestinal disorders,MILD,N,2026-02-08,2026-03-22,RECOVERED,NOT RELATED,DRUG WITHDRAWN
AE-0000386,SUBJ-000665,CT-102,S0012,Fatigue,General disorders,1,N,2026-04-17,2026-05-21,RECOVERED,RELATED,DRUG WITHDRAWN
AE-0000387,SUBJ-000667,CT-102,S0009,Anaemia,Blood and lymphatic system disorders,1,N,2025-12-09,2026-01-17,RECOVERED,RELATED,DOSE REDUCED
AE-0000388,SUBJ-000668,CT-102,S0018,Alanine aminotransferase increased,Investigations,MODERATE,N,2026-01-22,2026-03-02,RECOVERED,RELATED,DOSE REDUCED
AE-0000389,SUBJ-000668,CT-102,S0018,Dizziness,Nervous system disorders,Mild,N,2025-11-17,2025-12-06,RECOVERED,NOT RELATED,NONE
AE-0000390,SUBJ-000668,CT-102,S0018,Dizziness,Nervous system disorders,1,N,2026-01-14,2026-02-16,RECOVERED,RELATED,NONE
AE-0000391,SUBJ-000672,CT-102,S0017,Headache,Nervous system disorders,1,N,2025-10-24,,ONGOING,POSSIBLY RELATED,NONE
AE-0000392,SUBJ-000672,CT-102,S0017,Pyrexia,General disorders,3,N,2025-08-18,2025-09-08,RECOVERED,POSSIBLY RELATED,DRUG WITHDRAWN
AE-0000393,SUBJ-000672,CT-102,S0017,Headache,Nervous system disorders,MILD,N,2025-09-01,2025-09-09,RECOVERED,RELATED,DRUG WITHDRAWN
AE-0000395,SUBJ-000688,CT-102,S0014,Vomiting,Gastrointestinal disorders,moderate,N,2025-05-22,2025-05-30,RECOVERED,POSSIBLY RELATED,DOSE REDUCED
AE-0000396,SUBJ-000689,CT-102,S0012,Nausea,Gastrointestinal disorders,MILD,N,2026-04-03,2026-04-15,RECOVERED,NOT RELATED,DRUG INTERRUPTED
AE-0000397,SUBJ-000699,CT-102,S0013,Fatigue,General disorders,Grade 1,N,2026-06-08,,RECOVERING,POSSIBLY RELATED,DRUG WITHDRAWN
AE-0000398,SUBJ-000699,CT-102,S0013,Arthralgia,Musculoskeletal disorders,mild,N,2026-06-14,2026-06-22,RECOVERED,RELATED,DRUG INTERRUPTED
AE-0000399,SUBJ-000704,CT-102,S0010,Headache,Nervous system disorders,moderate,N,2026-02-20,2026-03-26,RECOVERED,NOT RELATED,NONE
AE-0000400,SUBJ-000720,CT-102,S0013,Dizziness,Nervous system disorders,Mild,N,2025-07-02,2025-07-19,RECOVERED,POSSIBLY RELATED,DRUG WITHDRAWN
AE-0000401,SUBJ-000720,CT-102,S0013,Vomiting,Gastrointestinal disorders,1,N,2025-11-21,2025-12-27,RECOVERED,POSSIBLY RELATED,DRUG WITHDRAWN
AE-0000402,SUBJ-000723,CT-102,S0008,Fatigue,General disorders,1,N,2026-01-06,2026-01-07,RECOVERED,NOT RELATED,DRUG INTERRUPTED
AE-0000403,SUBJ-000723,CT-102,S0008,Diarrhoea,Gastrointestinal disorders,Grade 2,N,2026-03-16,,ONGOING,RELATED,DRUG INTERRUPTED
AE-0000404,SUBJ-000723,CT-102,S0008,Fatigue,General disorders,Grade 1,N,2026-06-18,2026-06-28,RECOVERED,RELATED,DRUG INTERRUPTED
AE-0000405,SUBJ-000724,CT-102,S0018,Diarrhoea,Gastrointestinal disorders,Severe,Y,2025-04-23,2025-05-04,RECOVERED,RELATED,DOSE REDUCED
AE-0000406,SUBJ-000724,CT-102,S0018,Nausea,Gastrointestinal disorders,2,N,2025-06-28,2025-08-10,RECOVERED,POSSIBLY RELATED,DRUG WITHDRAWN
AE-0000407,SUBJ-000724,CT-102,S0018,Diarrhoea,Gastrointestinal disorders,mild,N,2025-07-24,2025-08-01,RECOVERED,POSSIBLY RELATED,NONE
AE-0000408,SUBJ-000727,CT-102,S0015,Fatigue,General disorders,Mild,N,2025-09-17,2025-09-24,RECOVERED,POSSIBLY RELATED,DOSE REDUCED
AE-0000409,SUBJ-000727,CT-102,S0015,Nausea,Gastrointestinal disorders,Mild,N,2026-01-17,2026-01-27,RECOVERED,RELATED,DOSE REDUCED
AE-0000410,SUBJ-000727,CT-102,S0015,Neutropenia,Blood and lymphatic system disorders,MODERATE,N,2025-11-29,,ONGOING,POSSIBLY RELATED,DRUG INTERRUPTED
AE-0000411,SUBJ-000728,CT-102,S0018,Headache,Nervous system disorders,MODERATE,N,2026-04-18,2026-05-15,RECOVERED,RELATED,DRUG WITHDRAWN
AE-0000412,SUBJ-000728,CT-102,S0018,Nausea,Gastrointestinal disorders,2,N,2026-06-10,2026-07-12,RECOVERED,RELATED,DOSE REDUCED
AE-0000413,SUBJ-000732,CT-102,S0015,Neutropenia,Blood and lymphatic system disorders,2,N,2025-10-20,,RECOVERING,POSSIBLY RELATED,DRUG WITHDRAWN
AE-0000414,SUBJ-000733,CT-102,S0007,Fatigue,General disorders,MILD,N,2026-06-28,2026-07-11,RECOVERED,RELATED,DRUG INTERRUPTED
AE-0000415,SUBJ-000733,CT-102,S0007,Rash,Skin and subcutaneous tissue disorders,Grade 2,N,2026-02-17,,ONGOING,RELATED,NONE
AE-0000418,SUBJ-000736,CT-102,S0015,Diarrhoea,Gastrointestinal disorders,Mild,N,2026-02-14,2026-03-08,RECOVERED,POSSIBLY RELATED,DRUG WITHDRAWN
AE-0000419,SUBJ-000736,CT-102,S0015,Pyrexia,General disorders,Grade 3,N,2026-06-23,2026-07-23,RECOVERED,RELATED,DOSE REDUCED
AE-0000420,SUBJ-000737,CT-102,S0008,Pyrexia,General disorders,1,N,2026-01-23,,RECOVERING,NOT RELATED,NONE
AE-0000421,SUBJ-000737,CT-102,S0008,Rash,Skin and subcutaneous tissue disorders,MILD,N,2025-11-19,,ONGOING,NOT RELATED,DRUG INTERRUPTED
AE-0000422,SUBJ-000738,CT-102,S0014,Insomnia,Psychiatric disorders,Moderate,N,2025-10-03,,ONGOING,NOT RELATED,DRUG INTERRUPTED
AE-0000423,SUBJ-000739,CT-102,S0016,Vomiting,Gastrointestinal disorders,1,N,2026-05-25,,RECOVERING,RELATED,NONE
AE-0000424,SUBJ-000739,CT-102,S0016,Pyrexia,General disorders,1,N,2026-02-08,2026-02-26,RECOVERED,RELATED,DRUG INTERRUPTED
AE-0000425,SUBJ-000740,CT-102,S0015,Hypertension,Vascular disorders,MILD,N,2026-08-21,,ONGOING,RELATED,DRUG WITHDRAWN
AE-0000426,SUBJ-000740,CT-102,S0015,Nausea,Gastrointestinal disorders,MODERATE,N,2026-06-10,2026-07-14,RECOVERED,NOT RELATED,DOSE REDUCED
AE-0000427,SUBJ-000740,CT-102,S0015,Fatigue,General disorders,Grade 1,N,2026-03-07,2026-04-03,RECOVERED,POSSIBLY RELATED,DRUG INTERRUPTED
AE-0000428,SUBJ-000742,CT-102,S0007,Neutropenia,Blood and lymphatic system disorders,mild,N,2025-12-19,2026-02-02,RECOVERED,RELATED,DOSE REDUCED
AE-0000429,SUBJ-000742,CT-102,S0007,Fatigue,General disorders,Mild,N,2025-12-14,,RECOVERING,RELATED,NONE
AE-0000430,SUBJ-000743,CT-102,S0017,Pyrexia,General disorders,MODERATE,N,2026-01-26,2026-01-30,RECOVERED,RELATED,NONE
AE-0000431,SUBJ-000743,CT-102,S0017,Diarrhoea,Gastrointestinal disorders,Grade 1,N,2026-02-28,2026-04-13,RECOVERED,RELATED,DRUG INTERRUPTED
AE-0000432,SUBJ-000747,CT-102,S0010,Arthralgia,Musculoskeletal disorders,moderate,N,2025-06-04,,ONGOING,POSSIBLY RELATED,DRUG INTERRUPTED
AE-0000433,SUBJ-000747,CT-102,S0010,Diarrhoea,Gastrointestinal disorders,2,N,2025-10-01,2025-10-20,RECOVERED,NOT RELATED,DRUG WITHDRAWN
AE-0000435,SUBJ-000756,CT-102,S0011,Vomiting,Gastrointestinal disorders,MILD,N,2026-06-18,2026-07-17,RECOVERED,RELATED,DRUG WITHDRAWN
AE-0000436,SUBJ-000756,CT-102,S0011,Anaemia,Blood and lymphatic system disorders,Grade 1,N,2026-07-18,,RECOVERING,POSSIBLY RELATED,DRUG WITHDRAWN
AE-0000438,,CT-102,S0007,Dizziness,Nervous system disorders,mild,N,2026-01-19,2026-02-06,RECOVERED,RELATED,DOSE REDUCED
AE-0000439,SUBJ-000764,CT-102,S0017,Pyrexia,General disorders,Mild,N,2026-06-03,2026-06-04,RECOVERED,RELATED,DOSE REDUCED
AE-0000440,SUBJ-000764,CT-102,S0017,Headache,Nervous system disorders,1,N,2026-08-14,2026-08-16,RECOVERED,NOT RELATED,DRUG WITHDRAWN
AE-0000441,SUBJ-000764,CT-102,S0017,Headache,Nervous system disorders,1,N,2026-08-24,,ONGOING,NOT RELATED,DOSE REDUCED
AE-0000442,SUBJ-000766,CT-102,S0007,Nausea,Gastrointestinal disorders,Grade 1,N,2025-09-28,,ONGOING,RELATED,DRUG INTERRUPTED
AE-0000443,SUBJ-000772,CT-102,S0011,Diarrhoea,Gastrointestinal disorders,,N,2026-08-11,2026-08-13,RECOVERED,RELATED,DRUG INTERRUPTED
AE-0000445,SUBJ-000775,CT-102,S0012,Headache,Nervous system disorders,mild,N,2026-02-21,,RECOVERING,RELATED,DOSE REDUCED
AE-0000446,SUBJ-000775,CT-102,S0012,Vomiting,Gastrointestinal disorders,mild,N,2026-08-24,,RECOVERING,POSSIBLY RELATED,DRUG INTERRUPTED
AE-0000447,SUBJ-000775,CT-102,S0012,Nausea,Gastrointestinal disorders,Moderate,N,2026-03-07,,RECOVERING,POSSIBLY RELATED,DRUG INTERRUPTED
AE-0000448,SUBJ-000776,CT-102,S0012,Dizziness,Nervous system disorders,Mild,N,2026-06-10,2026-07-24,RECOVERED,RELATED,DRUG INTERRUPTED
AE-0000449,SUBJ-000776,CT-102,S0012,Hypertension,Vascular disorders,mild,N,2026-08-10,,RECOVERING,POSSIBLY RELATED,NONE
AE-0000450,SUBJ-000776,CT-102,S0012,Rash,Skin and subcutaneous tissue disorders,Grade 2,N,2026-07-26,2026-08-15,RECOVERED,POSSIBLY RELATED,DRUG INTERRUPTED
AE-0000451,SUBJ-000780,CT-102,S0016,Nausea,Gastrointestinal disorders,Mild,N,2026-08-08,2026-08-22,RECOVERED,NOT RELATED,DRUG WITHDRAWN
AE-0000452,SUBJ-000780,CT-102,S0016,Nausea,Gastrointestinal disorders,moderate,N,2026-08-24,2026-09-01,RECOVERED,RELATED,DRUG INTERRUPTED
AE-0000454,SUBJ-000781,CT-102,S0009,Rash,Skin and subcutaneous tissue disorders,Grade 3,N,2026-05-22,,ONGOING,POSSIBLY RELATED,NONE
AE-0000455,SUBJ-000782,CT-102,S0016,Alanine aminotransferase increased,Investigations,Grade 2,N,2026-03-01,2026-03-16,RECOVERED,NOT RELATED,NONE
AE-0000456,SUBJ-000783,CT-102,S0016,Nausea,Gastrointestinal disorders,1,N,2025-11-26,2025-11-30,RECOVERED,NOT RELATED,DRUG INTERRUPTED
AE-0000457,SUBJ-000786,CT-102,S0007,Vomiting,Gastrointestinal disorders,1,N,2026-02-25,2026-03-11,RECOVERED,POSSIBLY RELATED,DRUG INTERRUPTED
AE-0000458,SUBJ-000786,CT-102,S0007,Nausea,Gastrointestinal disorders,Grade 1,N,2026-02-08,,RECOVERING,POSSIBLY RELATED,DRUG WITHDRAWN
AE-0000459,SUBJ-000786,CT-102,S0007,Dizziness,Nervous system disorders,MILD,N,2025-12-02,2026-01-01,RECOVERED,NOT RELATED,DRUG WITHDRAWN
AE-0000460,,CT-102,S0011,Pneumonia,Infections and infestations,Moderate,N,2026-02-01,2026-03-16,RECOVERED,POSSIBLY RELATED,NONE
AE-0000461,SUBJ-000790,CT-102,S0018,Diarrhoea,Gastrointestinal disorders,Mild,N,2026-06-05,,ONGOING,RELATED,DRUG INTERRUPTED
AE-0000462,SUBJ-000790,CT-102,S0018,Hypertension,Vascular disorders,mild,N,2026-05-21,,ONGOING,RELATED,DRUG WITHDRAWN
AE-0000463,SUBJ-000790,CT-102,S0018,Nausea,Gastrointestinal disorders,Grade 3,Y,2026-06-06,2026-07-01,RECOVERED,RELATED,DOSE REDUCED
AE-0000466,SUBJ-000794,CT-102,S0007,Arthralgia,Musculoskeletal disorders,1,N,2026-04-05,2026-05-01,RECOVERED,POSSIBLY RELATED,DRUG INTERRUPTED
AE-0000467,SUBJ-000800,CT-102,S0011,Alanine aminotransferase increased,Investigations,Mild,YES,2026-03-27,,RECOVERING,RELATED,DOSE REDUCED
AE-0000468,SUBJ-000804,CT-102,S0016,Pneumonia,Infections and infestations,Grade 2,N,2025-06-17,,ONGOING,NOT RELATED,DRUG WITHDRAWN
AE-0000469,SUBJ-000811,CT-102,S0011,Dizziness,Nervous system disorders,1,N,2026-03-16,2026-03-31,RECOVERED,RELATED,NONE
AE-0000470,SUBJ-000811,CT-102,S0011,Rash,Skin and subcutaneous tissue disorders,mild,N,2026-03-14,,ONGOING,RELATED,NONE
AE-0000471,SUBJ-000813,CT-102,S0015,Diarrhoea,Gastrointestinal disorders,moderate,N,2026-08-17,,ONGOING,RELATED,DRUG WITHDRAWN
AE-0000472,SUBJ-000822,CT-102,S0018,Headache,Nervous system disorders,Grade 1,N,2025-05-11,2025-06-20,RECOVERED,NOT RELATED,DRUG WITHDRAWN
AE-0000473,SUBJ-000822,CT-102,S0018,Nausea,Gastrointestinal disorders,1,N,2025-11-04,2025-11-23,RECOVERED,NOT RELATED,DRUG WITHDRAWN
AE-0000474,SUBJ-000822,CT-102,S0018,Hypertension,Vascular disorders,mild,N,2025-08-15,2025-08-26,RECOVERED,RELATED,DOSE REDUCED
AE-0000475,SUBJ-000834,CT-102,S0016,Insomnia,Psychiatric disorders,mild,N,2026-04-29,,ONGOING,NOT RELATED,DOSE REDUCED
AE-0000476,SUBJ-000835,CT-102,S0008,Headache,Nervous system disorders,1,N,2026-08-19,,ONGOING,POSSIBLY RELATED,DRUG INTERRUPTED
AE-0000477,SUBJ-000836,CT-102,S0015,Headache,Nervous system disorders,Grade 2,N,2026-08-21,,RECOVERING,RELATED,DRUG WITHDRAWN
AE-0000478,SUBJ-000836,CT-102,S0015,Fatigue,General disorders,Mild,N,2026-04-29,2026-05-18,RECOVERED,RELATED,DRUG INTERRUPTED
AE-0000479,SUBJ-000840,CT-102,S0017,Fatigue,General disorders,Severe,N,2025-11-14,2025-12-29,RECOVERED,NOT RELATED,NONE
AE-0000480,SUBJ-000840,CT-102,S0017,Diarrhoea,Gastrointestinal disorders,moderate,N,2025-08-23,2025-09-05,RECOVERED,RELATED,NONE
AE-0000481,SUBJ-000840,CT-102,S0017,Alanine aminotransferase increased,Investigations,Severe,N,2026-01-20,2026-02-17,RECOVERED,RELATED,NONE
AE-0000482,SUBJ-000842,CT-102,S0008,Pyrexia,General disorders,2,N,2025-10-16,2025-11-08,RECOVERED,NOT RELATED,DRUG WITHDRAWN
AE-0000483,SUBJ-000842,CT-102,S0008,Nausea,Gastrointestinal disorders,severe,Y,2025-09-24,2025-10-15,RECOVERED,POSSIBLY RELATED,DRUG WITHDRAWN
AE-0000484,SUBJ-000842,CT-102,S0008,Headache,Nervous system disorders,Grade 1,N,2025-12-08,2026-01-03,RECOVERED,NOT RELATED,DRUG INTERRUPTED
AE-0000485,SUBJ-000843,CT-102,S0016,Neutropenia,Blood and lymphatic system disorders,mild,N,2026-04-29,2026-05-24,RECOVERED,RELATED,NONE
AE-0000486,SUBJ-000843,CT-102,S0016,Arthralgia,Musculoskeletal disorders,Grade 2,N,2025-11-24,2025-12-07,RECOVERED,NOT RELATED,DOSE REDUCED
AE-0000487,SUBJ-000843,CT-102,S0016,Headache,Nervous system disorders,moderate,N,2026-03-18,2026-03-29,RECOVERED,RELATED,NONE
AE-0000488,SUBJ-000844,CT-102,S0016,Fatigue,General disorders,1,N,2026-08-22,,RECOVERING,RELATED,DRUG INTERRUPTED
AE-0000489,SUBJ-000844,CT-102,S0016,Alanine aminotransferase increased,Investigations,Mild,N,2026-08-23,,RECOVERING,RELATED,DRUG WITHDRAWN
AE-0000490,SUBJ-000844,CT-102,S0016,Alanine aminotransferase increased,Investigations,1,N,2026-08-23,,RECOVERING,NOT RELATED,DOSE REDUCED
AE-0000491,SUBJ-000849,CT-102,S0016,Nausea,Gastrointestinal disorders,Grade 2,N,2026-02-15,2026-03-15,RECOVERED,RELATED,DOSE REDUCED
AE-0000492,SUBJ-000849,CT-102,S0016,Fatigue,General disorders,MODERATE,N,2026-03-21,2026-03-29,RECOVERED,NOT RELATED,DRUG INTERRUPTED
AE-0000494,SUBJ-000855,CT-102,S0017,Pneumonia,Infections and infestations,Mild,N,2026-07-01,2026-08-13,RECOVERED,POSSIBLY RELATED,DRUG WITHDRAWN
AE-0000495,SUBJ-000856,CT-102,S0013,Headache,Nervous system disorders,mild,N,2026-08-23,,RECOVERING,RELATED,NONE
AE-0000496,SUBJ-000862,CT-102,S0015,Nausea,Gastrointestinal disorders,Grade 2,N,2026-02-12,,RECOVERING,RELATED,NONE
AE-0000497,SUBJ-000869,CT-102,S0016,Nausea,Gastrointestinal disorders,2,N,2026-08-13,,ONGOING,POSSIBLY RELATED,DOSE REDUCED
AE-0000498,SUBJ-000870,CT-102,S0010,Pyrexia,General disorders,MILD,N,2025-12-05,,RECOVERING,NOT RELATED,DOSE REDUCED
AE-0000499,SUBJ-000870,CT-102,S0010,Diarrhoea,Gastrointestinal disorders,Grade 1,N,2025-06-15,2025-06-20,RECOVERED,RELATED,DRUG WITHDRAWN
AE-0000500,SUBJ-000870,CT-102,S0010,Diarrhoea,Gastrointestinal disorders,MILD,N,2025-12-03,2025-12-28,RECOVERED,NOT RELATED,NONE
AE-0000501,SUBJ-000874,CT-102,S0008,Vomiting,Gastrointestinal disorders,MILD,N,2025-10-11,2025-10-22,RECOVERED,RELATED,DOSE REDUCED
AE-0000502,SUBJ-000876,CT-102,S0010,Dizziness,Nervous system disorders,Moderate,N,2025-06-04,,RECOVERING,RELATED,DOSE REDUCED
AE-0000503,SUBJ-000879,CT-102,S0016,Neutropenia,Blood and lymphatic system disorders,Grade 2,N,2026-07-05,,ONGOING,POSSIBLY RELATED,DRUG WITHDRAWN
AE-0000504,SUBJ-000880,CT-102,S0017,Dizziness,Nervous system disorders,MODERATE,N,2026-05-07,2026-06-06,RECOVERED,NOT RELATED,DOSE REDUCED
AE-0000505,SUBJ-000881,CT-102,S0016,Fatigue,General disorders,mild,N,2025-07-12,2025-08-13,RECOVERED,RELATED,DRUG INTERRUPTED
AE-0000506,SUBJ-000881,CT-102,S0016,Diarrhoea,Gastrointestinal disorders,Mild,N,2025-07-23,,ONGOING,POSSIBLY RELATED,DRUG INTERRUPTED
AE-0000507,SUBJ-000882,CT-102,S0014,Insomnia,Psychiatric disorders,3,Y,2026-04-05,2026-04-09,RECOVERED,POSSIBLY RELATED,NONE
AE-0000508,SUBJ-000882,CT-102,S0014,Pneumonia,Infections and infestations,MODERATE,N,2026-01-10,2026-02-09,RECOVERED,NOT RELATED,DRUG INTERRUPTED
AE-0000509,SUBJ-000882,CT-102,S0014,Dizziness,Nervous system disorders,Grade 1,N,2026-02-22,2026-03-24,RECOVERED,POSSIBLY RELATED,DRUG WITHDRAWN
AE-0000510,SUBJ-000883,CT-102,S0014,Pyrexia,General disorders,Grade 2,N,2026-03-04,2026-04-18,RECOVERED,NOT RELATED,DRUG INTERRUPTED
AE-0000511,SUBJ-000885,CT-102,S0017,Anaemia,Blood and lymphatic system disorders,2,N,2026-04-24,2026-05-06,RECOVERED,RELATED,DOSE REDUCED
AE-0000513,SUBJ-000895,CT-102,S0013,Alanine aminotransferase increased,Investigations,MILD,N,2025-12-31,2026-02-08,RECOVERED,POSSIBLY RELATED,DOSE REDUCED
AE-0000514,SUBJ-000899,CT-102,S0012,Dizziness,Nervous system disorders,Grade 1,N,2025-06-23,2025-07-14,RECOVERED,NOT RELATED,NONE
AE-0000515,SUBJ-000904,CT-102,S0010,Vomiting,Gastrointestinal disorders,Grade 3,N,2026-02-16,2026-03-17,RECOVERED,POSSIBLY RELATED,DOSE REDUCED
AE-0000516,SUBJ-000904,CT-102,S0010,Diarrhoea,Gastrointestinal disorders,Grade 3,Y,2025-11-19,2025-12-30,RECOVERED,NOT RELATED,DRUG WITHDRAWN
AE-0000517,SUBJ-000904,CT-102,S0010,Syncope,Nervous system disorders,Grade 1,N,2025-11-20,,ONGOING,POSSIBLY RELATED,DRUG WITHDRAWN
AE-0000518,SUBJ-000913,CT-102,S0018,Fatigue,General disorders,MILD,N,2025-12-27,2026-02-08,RECOVERED,NOT RELATED,NONE
AE-0000519,SUBJ-000913,CT-102,S0018,Hypertension,Vascular disorders,MODERATE,N,2025-12-30,2026-01-01,RECOVERED,POSSIBLY RELATED,DOSE REDUCED
AE-0000520,SUBJ-000914,CT-102,S0008,Rash,Skin and subcutaneous tissue disorders,MILD,N,2025-12-08,2025-12-14,RECOVERED,POSSIBLY RELATED,DRUG WITHDRAWN
AE-0000521,SUBJ-000914,CT-102,S0008,Diarrhoea,Gastrointestinal disorders,Mild,N,2025-12-04,2025-12-13,RECOVERED,RELATED,DRUG INTERRUPTED
AE-0000522,SUBJ-000914,CT-102,S0008,Dizziness,Nervous system disorders,2,N,2025-11-01,,ONGOING,NOT RELATED,DOSE REDUCED
AE-0000523,SUBJ-000917,CT-102,S0008,Nausea,Gastrointestinal disorders,Severe,N,2026-07-02,2026-07-08,RECOVERED,RELATED,NONE
AE-0000524,SUBJ-000917,CT-102,S0008,Arthralgia,Musculoskeletal disorders,Grade 1,N,2026-08-24,,ONGOING,NOT RELATED,NONE
AE-0000526,SUBJ-000918,CT-102,S0016,Headache,Nervous system disorders,2,N,2026-01-31,2026-02-16,RECOVERED,NOT RELATED,DRUG WITHDRAWN
AE-0000527,SUBJ-000918,CT-102,S0016,Headache,Nervous system disorders,MILD,N,2026-03-02,2026-03-24,RECOVERED,POSSIBLY RELATED,NONE
AE-0000528,SUBJ-000918,CT-102,S0016,Vomiting,Gastrointestinal disorders,1,N,2026-02-24,2026-04-03,RECOVERED,NOT RELATED,DRUG INTERRUPTED
AE-0000529,SUBJ-000923,CT-102,S0018,Nausea,Gastrointestinal disorders,MILD,N,2025-09-23,2025-10-05,RECOVERED,NOT RELATED,DRUG WITHDRAWN
AE-0000530,SUBJ-000923,CT-102,S0018,Headache,Nervous system disorders,MILD,N,2025-11-27,,ONGOING,NOT RELATED,DOSE REDUCED
AE-0000531,SUBJ-000923,CT-102,S0018,Insomnia,Psychiatric disorders,1,N,2025-12-30,2026-01-04,RECOVERED,POSSIBLY RELATED,DRUG INTERRUPTED
AE-0000532,SUBJ-000924,CT-102,S0018,Anaemia,Blood and lymphatic system disorders,mild,N,2026-07-06,,ONGOING,NOT RELATED,DOSE REDUCED
AE-0000533,SUBJ-000924,CT-102,S0018,Fatigue,General disorders,MODERATE,N,2026-05-07,,ONGOING,POSSIBLY RELATED,DRUG INTERRUPTED
AE-0000534,SUBJ-000924,CT-102,S0018,Hypertension,Vascular disorders,1,N,2026-01-11,2026-02-14,RECOVERED,RELATED,DOSE REDUCED
AE-0000535,SUBJ-000943,CT-102,S0007,Nausea,Gastrointestinal disorders,mild,N,2026-02-19,,ONGOING,POSSIBLY RELATED,DRUG INTERRUPTED
AE-0000536,SUBJ-000943,CT-102,S0007,Vomiting,Gastrointestinal disorders,Grade 2,N,2026-03-31,,RECOVERING,NOT RELATED,DRUG INTERRUPTED
AE-0000537,SUBJ-000944,CT-102,S0014,Fatigue,General disorders,Mild,N,2026-03-20,,ONGOING,RELATED,DRUG INTERRUPTED
AE-0000538,SUBJ-000944,CT-102,S0014,Nausea,Gastrointestinal disorders,2,N,2026-01-29,2026-02-02,RECOVERED,POSSIBLY RELATED,NONE
AE-0000539,SUBJ-000948,CT-102,S0018,Nausea,Gastrointestinal disorders,mild,N,2026-08-15,2026-08-29,RECOVERED,POSSIBLY RELATED,NONE
AE-0000540,SUBJ-000948,CT-102,S0018,Nausea,Gastrointestinal disorders,3,Y,2026-06-04,,ONGOING,POSSIBLY RELATED,DOSE REDUCED
AE-0000541,SUBJ-000953,CT-102,S0016,Neutropenia,Blood and lymphatic system disorders,Grade 2,N,2026-04-21,,RECOVERING,NOT RELATED,DRUG INTERRUPTED
AE-0000542,SUBJ-000955,CT-102,S0014,Fatigue,General disorders,MILD,N,2026-07-08,2026-08-11,RECOVERED,POSSIBLY RELATED,DRUG INTERRUPTED
AE-0000543,SUBJ-000955,CT-102,S0014,Dizziness,Nervous system disorders,Grade 2,N,2026-07-15,2026-07-16,RECOVERED,POSSIBLY RELATED,DOSE REDUCED
AE-0000544,SUBJ-000958,CT-102,S0018,Diarrhoea,Gastrointestinal disorders,MILD,N,2026-08-03,,ONGOING,NOT RELATED,DOSE REDUCED
AE-0000545,SUBJ-000961,CT-102,S0009,Alanine aminotransferase increased,Investigations,Severe,N,2026-08-08,2026-08-21,RECOVERED,NOT RELATED,DRUG WITHDRAWN
AE-0000546,SUBJ-000961,CT-102,S0009,Anaemia,Blood and lymphatic system disorders,moderate,N,2026-08-23,2026-09-04,RECOVERED,NOT RELATED,DRUG INTERRUPTED
AE-0000547,SUBJ-000961,CT-102,S0009,Pneumonia,Infections and infestations,1,N,2026-08-15,,RECOVERING,NOT RELATED,DOSE REDUCED
AE-0000548,SUBJ-000964,CT-102,S0010,Vomiting,Gastrointestinal disorders,Grade 2,N,2026-01-25,2026-03-01,RECOVERED,RELATED,DRUG WITHDRAWN
AE-0000549,SUBJ-000969,CT-102,S0013,Syncope,Nervous system disorders,Unknown,N,2026-03-25,2026-05-03,RECOVERED,POSSIBLY RELATED,NONE
AE-0000550,SUBJ-000971,CT-102,S0008,Syncope,Nervous system disorders,MILD,N,2025-08-16,2025-08-30,RECOVERED,RELATED,DRUG INTERRUPTED
AE-0000551,SUBJ-000971,CT-102,S0008,Vomiting,Gastrointestinal disorders,MODERATE,N,2026-02-28,,RECOVERING,RELATED,DRUG WITHDRAWN
AE-0000552,SUBJ-000971,CT-102,S0008,Rash,Skin and subcutaneous tissue disorders,Mild,N,2025-11-07,2025-11-25,RECOVERED,RELATED,DRUG WITHDRAWN
AE-0000553,SUBJ-000976,CT-102,S0007,Nausea,Gastrointestinal disorders,SEVERE,N,2026-03-25,,RECOVERING,RELATED,DOSE REDUCED
AE-0000554,SUBJ-000977,CT-102,S0018,Nausea,Gastrointestinal disorders,mild,N,2025-12-07,,ONGOING,RELATED,NONE
AE-0000555,SUBJ-000979,CT-102,S0015,Headache,Nervous system disorders,Moderate,N,2026-07-26,2026-08-18,RECOVERED,NOT RELATED,NONE
AE-0000556,SUBJ-000985,CT-102,S0008,Pyrexia,General disorders,2,N,,2026-08-30,RECOVERED,RELATED,DOSE REDUCED
AE-0000557,SUBJ-000987,CT-102,S0017,Fatigue,General disorders,mild,N,2025-05-03,,RECOVERING,NOT RELATED,NONE
AE-0000558,SUBJ-000987,CT-102,S0017,Nausea,Gastrointestinal disorders,Mild,N,2025-11-11,2025-11-20,RECOVERED,NOT RELATED,DRUG INTERRUPTED
AE-0000559,SUBJ-000987,CT-102,S0017,Arthralgia,Musculoskeletal disorders,1,N,2025-10-27,2025-11-03,RECOVERED,POSSIBLY RELATED,NONE
AE-0000560,SUBJ-000993,CT-102,S0014,Dizziness,Nervous system disorders,mild,N,2026-07-21,,RECOVERING,POSSIBLY RELATED,DRUG INTERRUPTED
AE-0000561,SUBJ-000993,CT-102,S0014,Nausea,Gastrointestinal disorders,Grade 1,N,2026-07-09,2026-07-17,RECOVERED,POSSIBLY RELATED,DOSE REDUCED
AE-0000562,SUBJ-000993,CT-102,S0014,Rash,Skin and subcutaneous tissue disorders,Grade 2,N,2026-07-27,,ONGOING,NOT RELATED,DRUG INTERRUPTED
AE-0000563,SUBJ-000994,CT-102,S0015,Fatigue,General disorders,mild,N,2025-07-29,2025-08-25,RECOVERED,NOT RELATED,DOSE REDUCED
AE-0000564,SUBJ-000994,CT-102,S0015,Headache,Nervous system disorders,mild,N,2025-09-21,,ONGOING,RELATED,DRUG INTERRUPTED
AE-0000565,SUBJ-000994,CT-102,S0015,Fatigue,General disorders,moderate,N,2025-07-22,2025-08-16,RECOVERED,NOT RELATED,DOSE REDUCED
AE-0000567,SUBJ-000996,CT-102,S0007,Headache,Nervous system disorders,Mild,N,2026-03-02,2026-03-04,RECOVERED,POSSIBLY RELATED,NONE
AE-0000568,SUBJ-000996,CT-102,S0007,Rash,Skin and subcutaneous tissue disorders,MILD,N,2025-11-30,,RECOVERING,RELATED,DRUG WITHDRAWN
AE-0000569,SUBJ-001002,CT-102,S0018,Headache,Nervous system disorders,Mild,N,2025-12-30,2026-01-29,RECOVERED,POSSIBLY RELATED,NONE
AE-0000570,SUBJ-001009,CT-102,S0015,Pyrexia,General disorders,Grade 1,N,2025-08-03,,RECOVERING,NOT RELATED,DRUG INTERRUPTED
AE-0000573,SUBJ-001017,CT-102,S0015,Nausea,Gastrointestinal disorders,mild,N,2026-07-31,,ONGOING,POSSIBLY RELATED,DRUG INTERRUPTED
AE-0000577,SUBJ-001027,CT-102,S0009,Diarrhoea,Gastrointestinal disorders,Grade 1,N,2026-06-20,2026-07-12,RECOVERED,RELATED,DRUG INTERRUPTED
AE-0000578,SUBJ-001029,CT-102,S0009,Rash,Skin and subcutaneous tissue disorders,moderate,N,2026-08-09,,RECOVERING,RELATED,NONE
AE-0000579,SUBJ-001029,CT-102,S0009,Rash,Skin and subcutaneous tissue disorders,severe,N,2026-06-03,2026-06-13,RECOVERED,POSSIBLY RELATED,DRUG WITHDRAWN
AE-0000580,SUBJ-001030,CT-102,S0010,Dizziness,Nervous system disorders,MODERATE,N,2026-07-28,2026-08-28,RECOVERED,POSSIBLY RELATED,DRUG INTERRUPTED
AE-0000582,SUBJ-001030,CT-102,S0010,Nausea,Gastrointestinal disorders,Mild,N,2026-08-11,,ONGOING,NOT RELATED,DRUG INTERRUPTED
AE-0000584,SUBJ-001031,CT-102,S0009,Dizziness,Nervous system disorders,Moderate,N,2026-06-06,,ONGOING,NOT RELATED,DRUG WITHDRAWN
AE-0000585,SUBJ-001033,CT-102,S0011,Fatigue,General disorders,Grade 1,N,2025-12-16,2025-12-26,RECOVERED,POSSIBLY RELATED,DOSE REDUCED
AE-0000586,SUBJ-001033,CT-102,S0011,Pneumonia,Infections and infestations,MILD,N,2025-10-07,2025-11-09,RECOVERED,NOT RELATED,DRUG INTERRUPTED
AE-0000587,SUBJ-001037,CT-102,S0009,Neutropenia,Blood and lymphatic system disorders,mild,N,2026-08-03,,RECOVERING,POSSIBLY RELATED,DRUG WITHDRAWN
AE-0000588,SUBJ-001037,CT-102,S0009,Insomnia,Psychiatric disorders,Moderate,N,2026-08-15,2026-08-19,RECOVERED,RELATED,NONE
AE-0000589,SUBJ-001043,CT-102,S0011,Headache,Nervous system disorders,2,N,2025-06-05,2025-06-18,RECOVERED,NOT RELATED,DRUG WITHDRAWN
AE-0000590,SUBJ-001043,CT-102,S0011,Rash,Skin and subcutaneous tissue disorders,MILD,N,2025-10-06,2025-10-11,RECOVERED,NOT RELATED,DRUG INTERRUPTED
AE-0000591,SUBJ-001043,CT-102,S0011,Hypertension,Vascular disorders,Mild,N,2025-06-17,2025-07-13,RECOVERED,POSSIBLY RELATED,DRUG INTERRUPTED
AE-0000593,SUBJ-001045,CT-102,S0017,Headache,Nervous system disorders,severe,Y,2026-07-21,2026-08-11,RECOVERED,RELATED,DOSE REDUCED
AE-0000594,SUBJ-001052,CT-102,S0015,Hypertension,Vascular disorders,mild,N,2026-01-16,2026-02-22,RECOVERED,RELATED,NONE
AE-0000595,SUBJ-001052,CT-102,S0015,Diarrhoea,Gastrointestinal disorders,moderate,N,2025-10-19,2025-11-04,RECOVERED,RELATED,NONE
AE-0000596,SUBJ-001055,CT-102,S0015,Diarrhoea,Gastrointestinal disorders,Moderate,N,2026-05-26,2026-06-30,RECOVERED,POSSIBLY RELATED,NONE
AE-0000597,SUBJ-001055,CT-102,S0015,Dizziness,Nervous system disorders,Mild,N,2025-12-01,,RECOVERING,RELATED,DRUG WITHDRAWN
AE-0000598,SUBJ-001056,CT-102,S0008,Alanine aminotransferase increased,Investigations,severe,N,2025-12-24,2026-02-05,RECOVERED,POSSIBLY RELATED,DRUG WITHDRAWN
AE-0000599,SUBJ-001060,CT-102,S0015,Dizziness,Nervous system disorders,1,N,2026-08-19,2026-09-03,RECOVERED,RELATED,NONE
AE-0000600,SUBJ-001060,CT-102,S0015,Anaemia,Blood and lymphatic system disorders,moderate,N,2026-06-21,2026-07-24,RECOVERED,RELATED,DRUG WITHDRAWN
AE-0000601,SUBJ-001062,CT-102,S0016,Hypertension,Vascular disorders,mild,N,2026-08-25,,ONGOING,NOT RELATED,NONE
AE-0000602,SUBJ-001062,CT-102,S0016,Neutropenia,Blood and lymphatic system disorders,Mild,N,2026-08-13,,RECOVERING,RELATED,DOSE REDUCED
AE-0000603,SUBJ-001062,CT-102,S0016,Vomiting,Gastrointestinal disorders,moderate,N,2026-05-23,2026-06-07,RECOVERED,RELATED,NONE
AE-0000604,SUBJ-001063,CT-102,S0016,Dizziness,Nervous system disorders,Severe,Y,2025-10-30,2025-11-23,RECOVERED,RELATED,DRUG WITHDRAWN
AE-0000605,SUBJ-001063,CT-102,S0016,Insomnia,Psychiatric disorders,mild,N,2025-11-23,2025-12-26,RECOVERED,NOT RELATED,DRUG WITHDRAWN
AE-0000606,SUBJ-001064,CT-102,S0008,Headache,Nervous system disorders,2,N,2026-05-21,2026-07-03,RECOVERED,RELATED,DRUG WITHDRAWN
AE-0000607,SUBJ-001064,CT-102,S0008,Syncope,Nervous system disorders,Mild,N,2026-05-07,2026-05-09,RECOVERED,RELATED,DRUG INTERRUPTED
AE-0000608,SUBJ-001064,CT-102,S0008,Headache,Nervous system disorders,Moderate,N,2025-12-17,2026-01-06,RECOVERED,RELATED,DOSE REDUCED
AE-0000609,SUBJ-001069,CT-102,S0007,Headache,Nervous system disorders,MODERATE,N,2026-07-07,2026-07-11,RECOVERED,RELATED,DRUG INTERRUPTED
AE-0000610,SUBJ-001069,CT-102,S0007,Fatigue,General disorders,1,N,2026-08-11,2026-08-26,RECOVERED,RELATED,DRUG WITHDRAWN
AE-0000611,SUBJ-001072,CT-102,S0016,Alanine aminotransferase increased,Investigations,MILD,N,2025-10-14,,ONGOING,NOT RELATED,DOSE REDUCED
AE-0000612,SUBJ-001076,CT-102,S0012,Alanine aminotransferase increased,Investigations,1,N,2025-05-27,2025-06-18,RECOVERED,NOT RELATED,DRUG WITHDRAWN
AE-0000613,SUBJ-001078,CT-102,S0017,Alanine aminotransferase increased,Investigations,mild,N,2025-12-10,2026-01-10,RECOVERED,RELATED,DOSE REDUCED
AE-0000614,SUBJ-001078,CT-102,S0017,Fatigue,General disorders,1,N,2026-02-19,,ONGOING,RELATED,DRUG WITHDRAWN
AE-0000615,SUBJ-001078,CT-102,S0017,Hypertension,Vascular disorders,Mild,N,2025-12-09,2026-01-14,RECOVERED,RELATED,NONE
AE-0000616,SUBJ-001079,CT-102,S0012,Alanine aminotransferase increased,Investigations,MILD,N,2026-08-11,,RECOVERING,POSSIBLY RELATED,DRUG INTERRUPTED
AE-0000618,SUBJ-001093,CT-102,S0010,Alanine aminotransferase increased,Investigations,SEVERE,Y,2026-04-13,2026-04-16,RECOVERED,POSSIBLY RELATED,DRUG INTERRUPTED
AE-0000619,SUBJ-001093,CT-102,S0010,Headache,Nervous system disorders,Moderate,N,2026-08-08,2026-09-05,RECOVERED,NOT RELATED,NONE
AE-0000621,SUBJ-001095,CT-102,S0011,Fatigue,General disorders,Severe,Y,2026-07-11,,RECOVERING,RELATED,DRUG INTERRUPTED
AE-0000622,SUBJ-001095,CT-102,S0011,Arthralgia,Musculoskeletal disorders,Grade 2,N,2026-08-08,2026-08-09,RECOVERED,RELATED,DRUG INTERRUPTED
AE-0000623,SUBJ-001097,CT-102,S0013,Dizziness,Nervous system disorders,mild,N,,2026-08-14,RECOVERED,RELATED,NONE
AE-0000624,SUBJ-001098,CT-102,S0012,Alanine aminotransferase increased,Investigations,2,N,2026-03-03,2026-04-01,RECOVERED,POSSIBLY RELATED,DOSE REDUCED
AE-0000625,SUBJ-001098,CT-102,S0012,Rash,Skin and subcutaneous tissue disorders,Grade 2,N,2026-02-23,2026-03-30,RECOVERED,POSSIBLY RELATED,DOSE REDUCED
AE-0000626,SUBJ-001098,CT-102,S0012,Nausea,Gastrointestinal disorders,Grade 3,Y,2026-07-15,2026-07-17,RECOVERED,NOT RELATED,DOSE REDUCED
AE-0000627,SUBJ-001099,CT-102,S0015,Fatigue,General disorders,MODERATE,N,2026-05-20,2026-06-11,RECOVERED,RELATED,NONE
AE-0000628,SUBJ-001099,CT-102,S0015,Hypertension,Vascular disorders,Moderate,N,2026-08-12,,RECOVERING,NOT RELATED,NONE
AE-0000630,SUBJ-001105,CT-102,S0009,Pneumonia,Infections and infestations,1,N,2026-08-18,2026-09-02,RECOVERED,POSSIBLY RELATED,DRUG WITHDRAWN
AE-0000631,SUBJ-001111,CT-102,S0014,Nausea,Gastrointestinal disorders,1,N,2025-09-04,2025-09-18,RECOVERED,NOT RELATED,DOSE REDUCED
AE-0000632,SUBJ-001111,CT-102,S0014,Dizziness,Nervous system disorders,Grade 1,N,2025-10-17,2025-12-01,RECOVERED,RELATED,NONE
AE-0000633,SUBJ-001113,CT-102,S0012,Headache,Nervous system disorders,2,N,2026-04-27,2026-05-13,RECOVERED,POSSIBLY RELATED,DRUG WITHDRAWN
AE-0000634,SUBJ-001117,CT-102,S0012,Hypertension,Vascular disorders,3,Y,2025-08-04,,RECOVERING,RELATED,DOSE REDUCED
AE-0000637,SUBJ-001129,CT-102,S0014,Hypertension,Vascular disorders,Grade 3,Y,2026-08-20,,RECOVERING,NOT RELATED,DRUG INTERRUPTED
AE-0000639,SUBJ-001130,CT-102,S0009,Nausea,Gastrointestinal disorders,Grade 2,N,2026-01-02,2026-01-19,RECOVERED,POSSIBLY RELATED,DOSE REDUCED
AE-0000640,SUBJ-001132,CT-102,S0008,Nausea,Gastrointestinal disorders,Grade 1,N,2026-02-25,2026-03-24,RECOVERED,RELATED,NONE
AE-0000641,SUBJ-001137,CT-102,S0008,Vomiting,Gastrointestinal disorders,severe,N,2025-09-14,2025-10-12,RECOVERED,NOT RELATED,NONE
AE-0000642,SUBJ-001143,CT-102,S0014,Hypertension,Vascular disorders,MILD,N,2026-02-02,2026-03-16,RECOVERED,POSSIBLY RELATED,DRUG INTERRUPTED
AE-0000643,SUBJ-001143,CT-102,S0014,Dizziness,Nervous system disorders,SEVERE,Y,2025-11-30,2026-01-08,RECOVERED,RELATED,DRUG WITHDRAWN
AE-0000644,SUBJ-001144,CT-102,S0017,Vomiting,Gastrointestinal disorders,Grade 1,N,2026-08-12,,ONGOING,POSSIBLY RELATED,DRUG WITHDRAWN
AE-0000645,SUBJ-001144,CT-102,S0017,Hypertension,Vascular disorders,MODERATE,N,2026-08-18,,RECOVERING,POSSIBLY RELATED,DRUG INTERRUPTED
AE-0000647,SUBJ-001147,CT-102,S0014,Arthralgia,Musculoskeletal disorders,MILD,N,2026-08-15,2026-09-02,RECOVERED,RELATED,DRUG WITHDRAWN
AE-0000648,SUBJ-001147,CT-102,S0014,Nausea,Gastrointestinal disorders,SEVERE,Y,2026-08-15,,RECOVERING,NOT RELATED,DOSE REDUCED
AE-0000650,SUBJ-001151,CT-102,S0010,Diarrhoea,Gastrointestinal disorders,2,N,2025-07-08,2025-07-25,RECOVERED,NOT RELATED,DRUG INTERRUPTED
AE-0000651,SUBJ-001151,CT-102,S0010,Fatigue,General disorders,Grade 2,N,2025-06-01,2025-06-08,RECOVERED,NOT RELATED,DOSE REDUCED
AE-0000652,SUBJ-001151,CT-102,S0010,Diarrhoea,Gastrointestinal disorders,1,N,2025-10-03,2025-11-07,RECOVERED,POSSIBLY RELATED,DOSE REDUCED
AE-0000653,SUBJ-001154,CT-102,S0008,Anaemia,Blood and lymphatic system disorders,mild,N,2025-12-25,2025-12-27,RECOVERED,POSSIBLY RELATED,NONE
AE-0000654,SUBJ-001154,CT-102,S0008,Pyrexia,General disorders,moderate,N,2025-10-11,2025-11-06,RECOVERED,RELATED,DOSE REDUCED
AE-0000655,SUBJ-001154,CT-102,S0008,Nausea,Gastrointestinal disorders,Mild,N,2025-12-29,2026-01-19,RECOVERED,RELATED,NONE
AE-0000656,SUBJ-001157,CT-102,S0015,Rash,Skin and subcutaneous tissue disorders,moderate,N,2026-08-09,2026-09-05,RECOVERED,POSSIBLY RELATED,NONE
AE-0000658,SUBJ-001160,CT-102,S0012,Pyrexia,General disorders,severe,N,2026-08-24,2026-08-25,RECOVERED,NOT RELATED,DRUG WITHDRAWN
AE-0000659,SUBJ-001165,CT-102,S0018,Hypertension,Vascular disorders,MILD,N,2026-08-16,,RECOVERING,NOT RELATED,DRUG INTERRUPTED
AE-0000661,SUBJ-001166,CT-102,S0010,Syncope,Nervous system disorders,2,N,2026-08-18,,ONGOING,RELATED,NONE
AE-0000663,SUBJ-001171,CT-102,S0011,Rash,Skin and subcutaneous tissue disorders,mild,N,2025-11-23,2025-12-31,RECOVERED,NOT RELATED,DRUG WITHDRAWN
AE-0000664,SUBJ-001173,CT-102,S0011,Fatigue,General disorders,MODERATE,N,2025-12-05,2025-12-27,RECOVERED,RELATED,DOSE REDUCED
AE-0000665,SUBJ-001173,CT-102,S0011,Anaemia,Blood and lymphatic system disorders,Moderate,N,2025-07-16,2025-07-27,RECOVERED,RELATED,NONE
AE-0000666,SUBJ-001173,CT-102,S0011,Diarrhoea,Gastrointestinal disorders,Grade 1,N,,,ONGOING,RELATED,DRUG WITHDRAWN
AE-0000667,SUBJ-001174,CT-102,S0013,Vomiting,Gastrointestinal disorders,1,N,2026-04-15,2026-04-16,RECOVERED,RELATED,NONE
AE-0000668,SUBJ-001176,CT-102,S0016,Fatigue,General disorders,MODERATE,N,2026-03-22,2026-04-08,RECOVERED,NOT RELATED,NONE
AE-0000669,SUBJ-001176,CT-102,S0016,Nausea,Gastrointestinal disorders,Grade 1,N,2026-01-03,,RECOVERING,POSSIBLY RELATED,DOSE REDUCED
AE-0000670,SUBJ-001178,CT-102,S0018,Insomnia,Psychiatric disorders,2,N,2025-12-20,2026-01-21,RECOVERED,NOT RELATED,NONE
AE-0000671,SUBJ-001178,CT-102,S0018,Rash,Skin and subcutaneous tissue disorders,1,N,2025-10-28,2025-12-06,RECOVERED,RELATED,NONE
AE-0000672,SUBJ-001178,CT-102,S0018,Insomnia,Psychiatric disorders,1,N,2025-10-28,2025-11-30,RECOVERED,NOT RELATED,NONE
AE-0000673,SUBJ-001179,CT-102,S0018,Alanine aminotransferase increased,Investigations,mild,N,2026-01-13,2026-02-01,RECOVERED,POSSIBLY RELATED,DRUG INTERRUPTED
AE-0000674,SUBJ-001183,CT-102,S0009,Rash,Skin and subcutaneous tissue disorders,Grade 1,N,2025-08-26,2025-09-05,RECOVERED,POSSIBLY RELATED,NONE
AE-0000675,SUBJ-001184,CT-102,S0011,Headache,Nervous system disorders,Grade 3,Y,2026-04-28,,RECOVERING,NOT RELATED,DOSE REDUCED
AE-0000676,SUBJ-001184,CT-102,S0011,Fatigue,General disorders,Grade 2,N,2026-05-24,2026-05-28,RECOVERED,NOT RELATED,NONE
AE-0000677,SUBJ-001188,CT-102,S0018,Headache,Nervous system disorders,2,N,2026-03-23,2026-04-17,RECOVERED,RELATED,DRUG WITHDRAWN
AE-0000678,SUBJ-001188,CT-102,S0018,Vomiting,Gastrointestinal disorders,Grade 2,N,2026-07-26,2026-08-05,RECOVERED,NOT RELATED,DOSE REDUCED
AE-0000680,SUBJ-001189,CT-102,S0012,Pyrexia,General disorders,mild,N,2026-08-13,,ONGOING,NOT RELATED,NONE
AE-0000681,SUBJ-001194,CT-102,S0013,Nausea,Gastrointestinal disorders,Moderate,N,2025-12-25,2026-01-23,RECOVERED,NOT RELATED,DOSE REDUCED
AE-0000682,SUBJ-001194,CT-102,S0013,Nausea,Gastrointestinal disorders,2,N,2025-12-11,2025-12-31,RECOVERED,POSSIBLY RELATED,DOSE REDUCED
AE-0000683,SUBJ-001194,CT-102,S0013,Rash,Skin and subcutaneous tissue disorders,Mild,N,2025-11-22,,RECOVERING,POSSIBLY RELATED,DOSE REDUCED
AE-0000685,SUBJ-001202,CT-102,S0009,Diarrhoea,Gastrointestinal disorders,Grade 1,N,2026-07-29,,RECOVERING,NOT RELATED,DOSE REDUCED
AE-0000687,SUBJ-001203,CT-102,S0007,Neutropenia,Blood and lymphatic system disorders,mild,N,2025-11-03,,ONGOING,NOT RELATED,DOSE REDUCED
AE-0000688,SUBJ-001208,CT-102,S0007,Headache,Nervous system disorders,Grade 2,N,2026-08-09,,RECOVERING,RELATED,DOSE REDUCED
AE-0000689,SUBJ-001209,CT-102,S0011,Insomnia,Psychiatric disorders,2,N,2025-10-07,2025-11-09,RECOVERED,RELATED,DOSE REDUCED
AE-0000690,SUBJ-001212,CT-102,S0013,Neutropenia,Blood and lymphatic system disorders,mild,N,2026-02-16,,RECOVERING,RELATED,DRUG WITHDRAWN
AE-0000694,SUBJ-001216,CT-102,S0013,Pyrexia,General disorders,SEVERE,Y,2026-08-11,,ONGOING,RELATED,NONE
AE-0000695,SUBJ-001216,CT-102,S0013,Rash,Skin and subcutaneous tissue disorders,MILD,N,2026-08-22,,RECOVERING,NOT RELATED,NONE
AE-0000696,SUBJ-001216,CT-102,S0013,Alanine aminotransferase increased,Investigations,moderate,N,2026-08-18,,ONGOING,POSSIBLY RELATED,DRUG WITHDRAWN
AE-0000697,SUBJ-001219,CT-102,S0013,Headache,Nervous system disorders,Grade 1,N,2026-04-27,2026-05-27,RECOVERED,RELATED,DRUG WITHDRAWN
AE-0000698,SUBJ-001219,CT-102,S0013,Fatigue,General disorders,2,N,2025-12-17,2026-01-25,RECOVERED,RELATED,DRUG WITHDRAWN
AE-0000699,SUBJ-001222,CT-102,S0015,Pneumonia,Infections and infestations,mild,N,2026-07-28,2026-09-06,RECOVERED,RELATED,DRUG INTERRUPTED
AE-0000700,SUBJ-001223,CT-102,S0008,Fatigue,General disorders,MODERATE,N,2025-08-12,2025-08-31,RECOVERED,NOT RELATED,DRUG WITHDRAWN
AE-0000701,SUBJ-001223,CT-102,S0008,Hypertension,Vascular disorders,Mild,N,2025-07-16,2025-08-18,RECOVERED,RELATED,DOSE REDUCED
AE-0000702,SUBJ-001235,CT-102,S0018,Alanine aminotransferase increased,Investigations,MODERATE,N,2026-06-12,2026-07-22,RECOVERED,NOT RELATED,DOSE REDUCED
AE-0000703,SUBJ-001237,CT-102,S0011,Vomiting,Gastrointestinal disorders,Grade 1,N,2026-03-12,2026-04-02,RECOVERED,RELATED,DRUG WITHDRAWN
AE-0000704,SUBJ-001237,CT-102,S0011,Hypertension,Vascular disorders,1,N,2025-11-09,2025-11-21,RECOVERED,POSSIBLY RELATED,DOSE REDUCED
AE-0000705,SUBJ-001237,CT-102,S0011,Headache,Nervous system disorders,Grade 2,N,2026-03-15,2026-03-17,RECOVERED,RELATED,DRUG WITHDRAWN
AE-0000706,SUBJ-001240,CT-102,S0015,Neutropenia,Blood and lymphatic system disorders,1,N,2026-07-19,2026-08-28,RECOVERED,RELATED,DOSE REDUCED
AE-0000707,SUBJ-001241,CT-102,S0008,Rash,Skin and subcutaneous tissue disorders,1,N,2026-06-30,2026-08-14,RECOVERED,POSSIBLY RELATED,NONE
AE-0000708,SUBJ-001241,CT-102,S0008,Alanine aminotransferase increased,Investigations,MILD,N,2026-03-09,2026-04-12,RECOVERED,RELATED,DRUG INTERRUPTED
AE-0000709,SUBJ-001242,CT-102,S0007,Dizziness,Nervous system disorders,2,N,2026-07-27,2026-08-08,RECOVERED,RELATED,DOSE REDUCED
AE-0000710,SUBJ-001242,CT-102,S0007,Nausea,Gastrointestinal disorders,MILD,N,2026-08-07,2026-08-25,RECOVERED,RELATED,DOSE REDUCED
AE-0000711,SUBJ-001242,CT-102,S0007,Anaemia,Blood and lymphatic system disorders,Moderate,N,2026-08-10,,RECOVERING,NOT RELATED,DOSE REDUCED
AE-0000712,SUBJ-001245,CT-102,S0018,Diarrhoea,Gastrointestinal disorders,Mild,N,2026-03-18,,ONGOING,POSSIBLY RELATED,DRUG WITHDRAWN
AE-0000713,SUBJ-001245,CT-102,S0018,Headache,Nervous system disorders,mild,N,2026-03-24,2026-04-19,RECOVERED,POSSIBLY RELATED,DRUG WITHDRAWN
AE-0000714,SUBJ-001245,CT-102,S0018,Diarrhoea,Gastrointestinal disorders,Grade 1,N,2026-03-17,2026-03-26,RECOVERED,NOT RELATED,DOSE REDUCED
AE-0000715,SUBJ-001251,CT-102,S0013,Alanine aminotransferase increased,Investigations,1,N,2025-10-07,2025-11-13,RECOVERED,RELATED,DOSE REDUCED
AE-0000716,SUBJ-001252,CT-102,S0014,Rash,Skin and subcutaneous tissue disorders,Mild,N,2025-07-19,,ONGOING,POSSIBLY RELATED,DOSE REDUCED
AE-0000717,SUBJ-001252,CT-102,S0014,Nausea,Gastrointestinal disorders,1,N,2025-11-06,,RECOVERING,RELATED,NONE
AE-0000718,SUBJ-001252,CT-102,S0014,Dizziness,Nervous system disorders,MODERATE,N,2026-01-23,2026-01-25,RECOVERED,NOT RELATED,DRUG WITHDRAWN
AE-0000719,SUBJ-001259,CT-102,S0016,Nausea,Gastrointestinal disorders,1,N,2026-02-04,2026-02-12,RECOVERED,NOT RELATED,NONE
AE-0000720,SUBJ-001260,CT-102,S0012,Nausea,Gastrointestinal disorders,Grade 1,N,2026-04-29,2026-06-04,RECOVERED,POSSIBLY RELATED,DRUG INTERRUPTED
AE-0000721,SUBJ-001260,CT-102,S0012,Dizziness,Nervous system disorders,Grade 1,N,2026-02-18,2026-03-27,RECOVERED,NOT RELATED,DRUG WITHDRAWN
AE-0000722,SUBJ-001260,CT-102,S0012,Rash,Skin and subcutaneous tissue disorders,Grade 2,N,2026-03-22,,ONGOING,RELATED,DRUG WITHDRAWN
AE-0000723,SUBJ-001265,CT-102,S0009,Dizziness,Nervous system disorders,2,N,2026-07-19,2026-07-26,RECOVERED,RELATED,DOSE REDUCED
AE-0000724,SUBJ-001265,CT-102,S0009,Insomnia,Psychiatric disorders,mild,true,2026-03-31,2026-04-21,RECOVERED,POSSIBLY RELATED,DRUG WITHDRAWN
AE-0000725,SUBJ-001265,CT-102,S0009,Syncope,Nervous system disorders,mild,N,2026-03-29,,RECOVERING,RELATED,DRUG WITHDRAWN
AE-0000726,SUBJ-001271,CT-102,S0008,Pyrexia,General disorders,MODERATE,N,2025-12-01,2025-12-08,RECOVERED,NOT RELATED,NONE
AE-0000727,SUBJ-001275,CT-102,S0014,Nausea,Gastrointestinal disorders,Mild,N,2026-08-16,,RECOVERING,NOT RELATED,DRUG INTERRUPTED
AE-0000728,SUBJ-001277,CT-102,S0015,Nausea,Gastrointestinal disorders,Moderate,N,2026-06-13,,ONGOING,NOT RELATED,DOSE REDUCED
AE-0000730,SUBJ-001280,CT-102,S0014,Nausea,Gastrointestinal disorders,2,N,2026-08-24,,RECOVERING,POSSIBLY RELATED,DOSE REDUCED
AE-0000731,SUBJ-001280,CT-102,S0014,Rash,Skin and subcutaneous tissue disorders,Mild,N,2026-08-19,2026-08-28,RECOVERED,RELATED,NONE
AE-0000732,SUBJ-001280,CT-102,S0014,Diarrhoea,Gastrointestinal disorders,MILD,N,2026-08-11,2026-08-29,RECOVERED,NOT RELATED,NONE
AE-0000733,SUBJ-001285,CT-102,S0009,Fatigue,General disorders,,N,2026-07-11,2026-07-25,RECOVERED,NOT RELATED,DRUG WITHDRAWN
AE-0000734,SUBJ-001287,CT-102,S0007,Diarrhoea,Gastrointestinal disorders,SEVERE,N,2026-08-19,,RECOVERING,POSSIBLY RELATED,DRUG INTERRUPTED
AE-0000738,SUBJ-001298,CT-102,S0011,Dizziness,Nervous system disorders,2,N,2026-07-22,2026-08-30,RECOVERED,RELATED,DOSE REDUCED
AE-0000739,SUBJ-001300,CT-102,S0018,Alanine aminotransferase increased,Investigations,moderate,N,2026-03-24,,ONGOING,NOT RELATED,NONE
AE-0000740,SUBJ-001300,CT-102,S0018,Headache,Nervous system disorders,Mild,N,2026-04-28,2026-05-15,RECOVERED,POSSIBLY RELATED,DRUG WITHDRAWN
AE-0000741,SUBJ-001300,CT-102,S0018,Nausea,Gastrointestinal disorders,Mild,N,2026-03-04,,ONGOING,RELATED,DRUG WITHDRAWN
AE-0000742,SUBJ-001302,CT-102,S0017,Fatigue,General disorders,1,N,2026-02-10,2026-02-25,RECOVERED,POSSIBLY RELATED,DRUG WITHDRAWN
AE-0000743,SUBJ-001302,CT-102,S0017,Alanine aminotransferase increased,Investigations,Grade 4,N,2025-11-27,2026-01-10,RECOVERED,RELATED,DOSE REDUCED
AE-0000744,SUBJ-001302,CT-102,S0017,Headache,Nervous system disorders,MILD,N,2025-10-30,2025-11-20,RECOVERED,POSSIBLY RELATED,DOSE REDUCED
AE-0000745,SUBJ-001304,CT-102,S0018,Headache,Nervous system disorders,Severe,N,2026-08-13,2026-08-21,RECOVERED,RELATED,NONE
AE-0000747,SUBJ-001304,CT-102,S0018,Dizziness,Nervous system disorders,Mild,N,2026-08-24,,RECOVERING,POSSIBLY RELATED,DRUG INTERRUPTED
AE-0000748,SUBJ-001305,CT-102,S0012,Insomnia,Psychiatric disorders,mild,N,2026-05-28,2026-06-06,RECOVERED,RELATED,DOSE REDUCED
AE-0000749,SUBJ-001305,CT-102,S0012,Nausea,Gastrointestinal disorders,Moderate,N,2026-05-31,2026-07-04,RECOVERED,NOT RELATED,DOSE REDUCED
AE-0000752,SUBJ-001309,CT-102,S0007,Hypertension,Vascular disorders,Moderate,N,2026-08-24,,ONGOING,POSSIBLY RELATED,DRUG WITHDRAWN
AE-0000753,SUBJ-001309,CT-102,S0007,Fatigue,General disorders,mild,N,2026-08-22,,ONGOING,NOT RELATED,DRUG INTERRUPTED
AE-0000754,SUBJ-001313,CT-102,S0010,Dizziness,Nervous system disorders,Grade 2,N,2026-01-04,2026-02-18,RECOVERED,POSSIBLY RELATED,DOSE REDUCED
AE-0000755,SUBJ-001313,CT-102,S0010,Pyrexia,General disorders,Grade 1,N,2025-11-28,2025-12-06,RECOVERED,POSSIBLY RELATED,DRUG WITHDRAWN
AE-0000756,SUBJ-001313,CT-102,S0010,Fatigue,General disorders,Unknown,N,2026-06-05,2026-07-13,RECOVERED,NOT RELATED,DRUG INTERRUPTED
AE-0000757,SUBJ-001317,CT-102,S0007,Anaemia,Blood and lymphatic system disorders,SEVERE,N,2025-11-30,,RECOVERING,POSSIBLY RELATED,DRUG INTERRUPTED
AE-0000758,SUBJ-001320,CT-102,S0018,Nausea,Gastrointestinal disorders,Grade 1,N,2026-02-19,,ONGOING,RELATED,NONE
AE-0000759,SUBJ-001321,CT-102,S0007,Fatigue,General disorders,MILD,N,2025-11-28,,RECOVERING,RELATED,DRUG INTERRUPTED
AE-0000760,SUBJ-001321,CT-102,S0007,Diarrhoea,Gastrointestinal disorders,MILD,N,2026-04-04,,RECOVERING,POSSIBLY RELATED,DOSE REDUCED
AE-0000761,SUBJ-001321,CT-102,S0007,Anaemia,Blood and lymphatic system disorders,Mild,N,2026-03-10,2026-03-16,RECOVERED,RELATED,DRUG WITHDRAWN
AE-0000762,SUBJ-001322,CT-102,S0015,Pyrexia,General disorders,1,N,2026-04-08,2026-05-03,RECOVERED,RELATED,DRUG WITHDRAWN
AE-0000763,SUBJ-001322,CT-102,S0015,Rash,Skin and subcutaneous tissue disorders,Grade 2,N,2026-07-02,2026-07-31,RECOVERED,NOT RELATED,DOSE REDUCED
AE-0000764,SUBJ-001322,CT-102,S0015,Pyrexia,General disorders,1,N,2026-08-08,,RECOVERING,POSSIBLY RELATED,DRUG INTERRUPTED
AE-0000765,SUBJ-001324,CT-102,S0018,Fatigue,General disorders,1,N,2026-03-27,2026-04-07,RECOVERED,NOT RELATED,DRUG WITHDRAWN
AE-0000766,SUBJ-001324,CT-102,S0018,Pyrexia,General disorders,Mild,N,2025-11-04,2025-11-25,RECOVERED,NOT RELATED,NONE
AE-0000767,SUBJ-001324,CT-102,S0018,Arthralgia,Musculoskeletal disorders,Grade 2,N,2025-12-09,2026-01-03,RECOVERED,NOT RELATED,DRUG INTERRUPTED
AE-0000768,SUBJ-001327,CT-102,S0014,Hypertension,Vascular disorders,Moderate,N,2026-08-20,,RECOVERING,RELATED,DRUG WITHDRAWN
AE-0000769,SUBJ-001329,CT-102,S0015,Anaemia,Blood and lymphatic system disorders,Grade 1,N,2025-06-26,2025-08-06,RECOVERED,RELATED,DRUG INTERRUPTED
AE-0000770,SUBJ-001329,CT-102,S0015,Dizziness,Nervous system disorders,3,Y,2025-06-25,2025-08-05,RECOVERED,NOT RELATED,DRUG INTERRUPTED
AE-0000771,SUBJ-001329,CT-102,S0015,Nausea,Gastrointestinal disorders,1,N,2025-10-23,,RECOVERING,POSSIBLY RELATED,DOSE REDUCED
AE-0000772,SUBJ-001330,CT-103,S0020,Insomnia,Psychiatric disorders,Grade 1,N,2026-06-21,,ONGOING,POSSIBLY RELATED,NONE
AE-0000773,SUBJ-001330,CT-103,S0020,Vomiting,Gastrointestinal disorders,Moderate,N,2026-08-10,,RECOVERING,RELATED,DRUG INTERRUPTED
AE-0000775,SUBJ-001332,CT-103,S0019,Rash,Skin and subcutaneous tissue disorders,severe,N,2026-01-18,2026-02-11,RECOVERED,RELATED,DRUG INTERRUPTED
AE-0000776,SUBJ-001332,CT-103,S0019,Diarrhoea,Gastrointestinal disorders,2,N,2026-07-09,,ONGOING,POSSIBLY RELATED,DRUG INTERRUPTED
AE-0000777,SUBJ-001332,CT-103,S0019,Dizziness,Nervous system disorders,mild,N,2026-04-29,2026-05-22,RECOVERED,NOT RELATED,DRUG INTERRUPTED
AE-0000778,SUBJ-001335,CT-103,S0020,Dizziness,Nervous system disorders,MILD,N,2026-06-03,2026-07-01,RECOVERED,POSSIBLY RELATED,DRUG INTERRUPTED
AE-0000779,SUBJ-001339,CT-103,S0022,Dizziness,Nervous system disorders,MILD,N,2026-08-23,2026-09-06,RECOVERED,NOT RELATED,DOSE REDUCED
AE-0000780,SUBJ-001339,CT-103,S0022,Nausea,Gastrointestinal disorders,Grade 3,Y,2026-08-17,2026-09-03,RECOVERED,POSSIBLY RELATED,DOSE REDUCED
AE-0000781,SUBJ-001339,CT-103,S0022,Hypertension,Vascular disorders,MODERATE,N,2026-06-07,2026-06-15,RECOVERED,RELATED,DOSE REDUCED
AE-0000782,SUBJ-001344,CT-103,S0023,Headache,Nervous system disorders,Mild,N,2026-03-06,2026-03-11,RECOVERED,POSSIBLY RELATED,DRUG INTERRUPTED
AE-0000783,SUBJ-001344,CT-103,S0023,Hypertension,Vascular disorders,Moderate,N,2026-04-11,2026-05-20,RECOVERED,NOT RELATED,DOSE REDUCED
AE-0000784,SUBJ-001355,CT-103,S0022,Neutropenia,Blood and lymphatic system disorders,2,N,2026-08-18,2026-08-22,RECOVERED,POSSIBLY RELATED,DOSE REDUCED
AE-0000785,SUBJ-001357,CT-103,S0024,Fatigue,General disorders,Moderate,N,2026-08-11,,RECOVERING,RELATED,DRUG INTERRUPTED
AE-0000787,SUBJ-001363,CT-103,S0023,Vomiting,Gastrointestinal disorders,Grade 2,N,2026-08-02,2026-08-06,RECOVERED,NOT RELATED,DRUG WITHDRAWN
AE-0000790,SUBJ-001371,CT-103,S0023,Headache,Nervous system disorders,Grade 1,N,2026-08-20,,RECOVERING,POSSIBLY RELATED,NONE
AE-0000792,SUBJ-001371,CT-103,S0023,Rash,Skin and subcutaneous tissue disorders,Severe,Y,2026-08-08,,ONGOING,NOT RELATED,NONE
AE-0000793,SUBJ-001374,CT-103,S0021,Dizziness,Nervous system disorders,Grade 1,N,2026-05-11,2026-06-23,RECOVERED,POSSIBLY RELATED,NONE
AE-0000794,SUBJ-001374,CT-103,S0021,Dizziness,Nervous system disorders,Grade 1,N,2026-05-19,2026-06-06,RECOVERED,POSSIBLY RELATED,NONE
AE-0000796,SUBJ-001375,CT-103,S0022,Rash,Skin and subcutaneous tissue disorders,Grade 1,N,2026-08-20,,ONGOING,RELATED,DOSE REDUCED
AE-0000799,SUBJ-001376,CT-103,S0023,Vomiting,Gastrointestinal disorders,1,N,2026-08-20,,RECOVERING,RELATED,DRUG INTERRUPTED
AE-0000800,SUBJ-001379,CT-103,S0021,Diarrhoea,Gastrointestinal disorders,MILD,N,2026-06-01,2026-06-25,RECOVERED,RELATED,DRUG WITHDRAWN
AE-0000801,SUBJ-001379,CT-103,S0021,Rash,Skin and subcutaneous tissue disorders,mild,N,2026-03-24,2026-04-28,RECOVERED,NOT RELATED,DRUG WITHDRAWN
AE-0000802,SUBJ-001383,CT-103,S0022,Syncope,Nervous system disorders,3,Y,2026-06-06,2026-07-07,RECOVERED,NOT RELATED,NONE
AE-0000803,SUBJ-001383,CT-103,S0022,Fatigue,General disorders,1,N,2026-08-05,2026-08-29,RECOVERED,RELATED,DOSE REDUCED
AE-0000804,SUBJ-001383,CT-103,S0022,Neutropenia,Blood and lymphatic system disorders,2,N,2026-07-17,2026-08-17,RECOVERED,RELATED,DRUG WITHDRAWN
AE-0000805,SUBJ-001395,CT-103,S0023,Arthralgia,Musculoskeletal disorders,Mild,N,2026-08-23,2026-08-28,RECOVERED,POSSIBLY RELATED,NONE
AE-0000806,SUBJ-001402,CT-103,S0024,Nausea,Gastrointestinal disorders,Mild,N,2026-02-25,,ONGOING,POSSIBLY RELATED,NONE
AE-0000807,SUBJ-001402,CT-103,S0024,Headache,Nervous system disorders,Mild,N,2026-04-06,2026-05-02,RECOVERED,RELATED,DRUG INTERRUPTED
AE-0000808,SUBJ-001402,CT-103,S0024,Pyrexia,General disorders,mild,N,2026-03-17,,ONGOING,NOT RELATED,DRUG WITHDRAWN
AE-0000809,SUBJ-001406,CT-103,S0023,Rash,Skin and subcutaneous tissue disorders,Mild,N,2026-07-16,2026-07-20,RECOVERED,NOT RELATED,DRUG INTERRUPTED
AE-0000810,SUBJ-001406,CT-103,S0023,Fatigue,General disorders,Grade 3,N,2026-03-08,2026-04-16,RECOVERED,NOT RELATED,NONE
AE-0000811,SUBJ-001406,CT-103,S0023,Diarrhoea,Gastrointestinal disorders,mild,N,2026-06-15,2026-07-23,RECOVERED,RELATED,DOSE REDUCED
AE-0000813,SUBJ-001410,CT-103,S0023,Headache,Nervous system disorders,moderate,N,2026-05-06,2026-06-11,RECOVERED,POSSIBLY RELATED,DRUG WITHDRAWN
AE-0000814,SUBJ-001410,CT-103,S0023,Nausea,Gastrointestinal disorders,Grade 1,N,2026-04-26,,ONGOING,POSSIBLY RELATED,DOSE REDUCED
AE-0000815,SUBJ-001410,CT-103,S0023,Dizziness,Nervous system disorders,Grade 1,N,2026-06-25,2026-07-06,RECOVERED,RELATED,DOSE REDUCED
AE-0000816,,CT-103,S0020,Rash,Skin and subcutaneous tissue disorders,Grade 1,N,2026-08-19,,ONGOING,NOT RELATED,DOSE REDUCED
AE-0000820,SUBJ-001418,CT-103,S0021,Diarrhoea,Gastrointestinal disorders,MODERATE,N,2026-03-20,2026-04-20,RECOVERED,RELATED,DRUG WITHDRAWN
AE-0000821,SUBJ-001418,CT-103,S0021,Pneumonia,Infections and infestations,Grade 1,N,2026-07-17,2026-08-04,RECOVERED,RELATED,DOSE REDUCED
AE-0000822,SUBJ-001418,CT-103,S0021,Headache,Nervous system disorders,mild,N,2026-04-20,2026-05-26,RECOVERED,RELATED,NONE
AE-0000823,SUBJ-001421,CT-103,S0019,Fatigue,General disorders,Moderate,N,2026-08-24,,RECOVERING,POSSIBLY RELATED,NONE
AE-0000824,SUBJ-001426,CT-103,S0021,Fatigue,General disorders,Grade 1,N,2026-08-07,2026-08-08,RECOVERED,RELATED,DRUG INTERRUPTED
AE-0000825,SUBJ-001426,CT-103,S0021,Syncope,Nervous system disorders,MODERATE,N,2026-04-30,2026-05-14,RECOVERED,POSSIBLY RELATED,DOSE REDUCED
AE-0000827,SUBJ-001430,CT-103,S0019,Headache,Nervous system disorders,1,N,2026-08-10,,ONGOING,RELATED,DRUG INTERRUPTED
AE-0000828,SUBJ-001431,CT-103,S0024,Diarrhoea,Gastrointestinal disorders,1,N,2026-05-12,2026-06-01,RECOVERED,RELATED,DRUG INTERRUPTED
AE-0000829,SUBJ-001435,CT-103,S0020,Alanine aminotransferase increased,Investigations,Mild,N,2026-08-15,2026-08-22,RECOVERED,RELATED,DOSE REDUCED
AE-0000830,SUBJ-001442,CT-103,S0022,Headache,Nervous system disorders,,N,2026-08-12,2026-08-20,RECOVERED,POSSIBLY RELATED,DRUG INTERRUPTED
AE-0000832,SUBJ-001448,CT-103,S0024,Diarrhoea,Gastrointestinal disorders,mild,N,2026-06-17,,RECOVERING,NOT RELATED,DRUG WITHDRAWN
AE-0000833,SUBJ-001448,CT-103,S0024,Insomnia,Psychiatric disorders,Grade 2,N,2026-07-22,2026-07-31,RECOVERED,NOT RELATED,DRUG INTERRUPTED
AE-0000834,SUBJ-001449,CT-103,S0021,Fatigue,General disorders,Grade 3,Y,2026-08-09,,RECOVERING,RELATED,DOSE REDUCED
AE-0000835,SUBJ-001450,CT-103,S0024,Pyrexia,General disorders,3,N,2026-08-10,2026-08-13,RECOVERED,RELATED,DOSE REDUCED
AE-0000836,SUBJ-001450,CT-103,S0024,Alanine aminotransferase increased,Investigations,Mild,N,2026-07-27,2026-07-31,RECOVERED,RELATED,DOSE REDUCED
AE-0000837,SUBJ-001455,CT-103,S0022,Dizziness,Nervous system disorders,Mild,N,2026-03-11,2026-04-19,RECOVERED,RELATED,DOSE REDUCED
AE-0000838,SUBJ-001461,CT-103,S0023,Pyrexia,General disorders,MODERATE,N,2026-08-10,2026-08-19,RECOVERED,POSSIBLY RELATED,DRUG WITHDRAWN
AE-0000839,SUBJ-001462,CT-103,S0021,Syncope,Nervous system disorders,SEVERE,Y,2026-08-12,,ONGOING,RELATED,DRUG WITHDRAWN
AE-0000840,SUBJ-001468,CT-103,S0019,Headache,Nervous system disorders,Grade 2,N,2026-08-10,2026-08-27,RECOVERED,POSSIBLY RELATED,DRUG INTERRUPTED
AE-0000841,SUBJ-001469,CT-103,S0021,Rash,Skin and subcutaneous tissue disorders,Mild,N,2026-08-12,,RECOVERING,RELATED,DRUG INTERRUPTED
AE-0000842,SUBJ-001470,CT-103,S0024,Vomiting,Gastrointestinal disorders,Severe,Y,2026-02-09,2026-03-22,RECOVERED,NOT RELATED,DOSE REDUCED
AE-0000843,SUBJ-001470,CT-103,S0024,Pyrexia,General disorders,1,N,2026-05-01,,ONGOING,NOT RELATED,DRUG INTERRUPTED
AE-0000844,SUBJ-001470,CT-103,S0024,Rash,Skin and subcutaneous tissue disorders,2,N,2026-02-11,2026-02-18,RECOVERED,RELATED,DRUG INTERRUPTED
AE-0000845,SUBJ-001474,CT-103,S0023,Nausea,Gastrointestinal disorders,mild,N,2026-04-17,2026-05-15,RECOVERED,POSSIBLY RELATED,NONE
AE-0000848,SUBJ-001487,CT-103,S0024,Pneumonia,Infections and infestations,mild,N,2026-06-27,2026-07-23,RECOVERED,RELATED,DRUG INTERRUPTED
AE-0000849,SUBJ-001488,CT-103,S0023,Insomnia,Psychiatric disorders,MODERATE,N,2026-01-23,2026-02-11,RECOVERED,RELATED,DRUG WITHDRAWN
AE-0000850,SUBJ-001488,CT-103,S0023,Nausea,Gastrointestinal disorders,Moderate,N,2026-01-14,2026-02-01,RECOVERED,POSSIBLY RELATED,DOSE REDUCED
AE-0000851,SUBJ-001505,CT-103,S0021,Anaemia,Blood and lymphatic system disorders,Moderate,N,2026-06-20,2026-06-23,RECOVERED,NOT RELATED,DRUG WITHDRAWN
AE-0000852,SUBJ-001505,CT-103,S0021,Anaemia,Blood and lymphatic system disorders,Moderate,N,2026-08-20,,ONGOING,POSSIBLY RELATED,NONE
AE-0000854,SUBJ-001511,CT-103,S0020,Diarrhoea,Gastrointestinal disorders,mild,N,2026-08-08,2026-08-12,RECOVERED,POSSIBLY RELATED,DRUG WITHDRAWN
AE-0000855,SUBJ-001512,CT-103,S0019,Fatigue,General disorders,Moderate,N,2026-07-27,2026-08-13,RECOVERED,RELATED,DOSE REDUCED
AE-0000856,SUBJ-001513,CT-103,S0021,Headache,Nervous system disorders,Moderate,N,2026-05-18,2026-06-16,RECOVERED,POSSIBLY RELATED,NONE
AE-0000857,SUBJ-001514,CT-103,S0019,Nausea,Gastrointestinal disorders,Mild,N,2026-05-07,2026-06-19,RECOVERED,RELATED,DRUG INTERRUPTED
AE-0000858,SUBJ-001514,CT-103,S0019,Headache,Nervous system disorders,Grade 2,N,2026-02-27,2026-03-22,RECOVERED,POSSIBLY RELATED,DRUG WITHDRAWN
AE-0000859,SUBJ-001514,CT-103,S0019,Nausea,Gastrointestinal disorders,Mild,N,2026-06-01,2026-07-05,RECOVERED,POSSIBLY RELATED,NONE
AE-0000860,SUBJ-001519,CT-103,S0024,Pyrexia,General disorders,2,N,2026-04-09,2026-04-10,RECOVERED,POSSIBLY RELATED,DRUG WITHDRAWN
AE-0000861,SUBJ-001519,CT-103,S0024,Nausea,Gastrointestinal disorders,mild,N,2026-08-09,2026-08-12,RECOVERED,RELATED,DRUG WITHDRAWN
AE-0000862,SUBJ-001519,CT-103,S0024,Nausea,Gastrointestinal disorders,MILD,N,2026-08-21,,RECOVERING,NOT RELATED,NONE
AE-0000863,SUBJ-001521,CT-103,S0023,Anaemia,Blood and lymphatic system disorders,Grade 3,Y,2026-08-11,2026-08-19,RECOVERED,RELATED,DOSE REDUCED
AE-0000864,SUBJ-001521,CT-103,S0023,Dizziness,Nervous system disorders,mild,N,2026-08-13,,ONGOING,POSSIBLY RELATED,NONE
AE-0000866,SUBJ-001527,CT-103,S0023,Insomnia,Psychiatric disorders,2,N,2026-05-28,,ONGOING,POSSIBLY RELATED,DRUG WITHDRAWN
AE-0000867,SUBJ-001529,CT-103,S0023,Nausea,Gastrointestinal disorders,1,N,2026-02-02,2026-02-03,RECOVERED,POSSIBLY RELATED,DRUG INTERRUPTED
AE-0000868,SUBJ-001529,CT-103,S0023,Vomiting,Gastrointestinal disorders,Grade 1,N,2026-04-14,2026-04-28,RECOVERED,RELATED,DRUG INTERRUPTED
AE-0000869,SUBJ-001529,CT-103,S0023,Nausea,Gastrointestinal disorders,mild,N,2026-07-29,2026-08-23,RECOVERED,NOT RELATED,NONE
AE-0000870,SUBJ-001532,CT-103,S0023,Pyrexia,General disorders,Mild,N,2026-03-21,2026-04-19,RECOVERED,RELATED,NONE
AE-0000871,SUBJ-001535,CT-103,S0021,Headache,Nervous system disorders,mild,N,2026-04-14,,ONGOING,POSSIBLY RELATED,DRUG INTERRUPTED
AE-0000872,SUBJ-001535,CT-103,S0021,Alanine aminotransferase increased,Investigations,Grade 1,N,2026-05-07,2026-05-22,RECOVERED,NOT RELATED,DOSE REDUCED
AE-0000873,SUBJ-001535,CT-103,S0021,Headache,Nervous system disorders,Mild,N,2026-02-13,2026-03-06,RECOVERED,POSSIBLY RELATED,DOSE REDUCED
AE-0000874,SUBJ-001536,CT-103,S0023,Neutropenia,Blood and lymphatic system disorders,mild,N,2026-08-09,,RECOVERING,NOT RELATED,DRUG INTERRUPTED
AE-0000875,SUBJ-001536,CT-103,S0023,Headache,Nervous system disorders,Severe,N,2026-08-17,2026-08-31,RECOVERED,RELATED,DRUG WITHDRAWN
AE-0000876,SUBJ-001536,CT-103,S0023,Hypertension,Vascular disorders,MODERATE,N,2026-08-20,,ONGOING,POSSIBLY RELATED,DRUG WITHDRAWN
AE-0000877,SUBJ-001537,CT-103,S0022,Hypertension,Vascular disorders,1,N,2026-08-16,,ONGOING,NOT RELATED,DOSE REDUCED
AE-0000878,SUBJ-001537,CT-103,S0022,Pneumonia,Infections and infestations,MILD,N,2026-07-08,2026-08-10,RECOVERED,NOT RELATED,DOSE REDUCED
AE-0000879,SUBJ-001537,CT-103,S0022,Nausea,Gastrointestinal disorders,Mild,N,2026-08-17,2026-08-18,RECOVERED,NOT RELATED,DRUG WITHDRAWN
AE-0000880,SUBJ-001548,CT-103,S0021,Headache,Nervous system disorders,mild,N,2026-08-23,2026-08-30,RECOVERED,RELATED,DOSE REDUCED
AE-0000881,SUBJ-001558,CT-103,S0024,Anaemia,Blood and lymphatic system disorders,mild,N,2026-05-23,2026-06-20,RECOVERED,RELATED,DRUG WITHDRAWN
AE-0000882,SUBJ-001563,CT-103,S0019,Alanine aminotransferase increased,Investigations,3,Y,2026-08-05,,ONGOING,NOT RELATED,NONE
AE-0000883,SUBJ-001569,CT-103,S0019,Alanine aminotransferase increased,Investigations,Grade 1,N,2026-01-27,,ONGOING,NOT RELATED,DRUG INTERRUPTED
AE-0000884,SUBJ-001570,CT-103,S0023,Rash,Skin and subcutaneous tissue disorders,mild,N,2026-08-13,,RECOVERING,RELATED,DRUG WITHDRAWN
AE-0000885,SUBJ-001570,CT-103,S0023,Diarrhoea,Gastrointestinal disorders,Grade 2,N,2026-05-29,2026-06-02,RECOVERED,RELATED,DOSE REDUCED
AE-0000886,SUBJ-001570,CT-103,S0023,Nausea,Gastrointestinal disorders,2,N,2026-04-17,2026-05-25,RECOVERED,NOT RELATED,DRUG INTERRUPTED
AE-0000888,SUBJ-001575,CT-103,S0024,Neutropenia,Blood and lymphatic system disorders,Grade 3,N,2026-06-03,2026-06-21,RECOVERED,RELATED,NONE
AE-0000890,SUBJ-001577,CT-103,S0022,Insomnia,Psychiatric disorders,Mild,N,2026-08-08,2026-08-19,RECOVERED,NOT RELATED,DOSE REDUCED
AE-0000891,SUBJ-001577,CT-103,S0022,Anaemia,Blood and lymphatic system disorders,Grade 1,N,2026-08-13,2026-08-23,RECOVERED,POSSIBLY RELATED,NONE
AE-0000892,SUBJ-001579,CT-103,S0024,Headache,Nervous system disorders,MODERATE,N,2026-06-20,2026-07-30,RECOVERED,NOT RELATED,DOSE REDUCED
AE-0000894,SUBJ-001580,CT-103,S0023,Fatigue,General disorders,MODERATE,N,2026-07-23,2026-09-01,RECOVERED,POSSIBLY RELATED,DOSE REDUCED
AE-0000895,SUBJ-001580,CT-103,S0023,Alanine aminotransferase increased,Investigations,Grade 1,N,2026-05-07,,RECOVERING,NOT RELATED,DRUG INTERRUPTED
AE-0000896,SUBJ-001581,CT-103,S0024,Rash,Skin and subcutaneous tissue disorders,2,N,2026-08-09,2026-08-28,RECOVERED,POSSIBLY RELATED,DOSE REDUCED
AE-0000897,SUBJ-001583,CT-103,S0024,Headache,Nervous system disorders,2,N,2026-08-16,2026-08-31,RECOVERED,NOT RELATED,NONE
AE-0000899,SUBJ-001588,CT-103,S0020,Anaemia,Blood and lymphatic system disorders,Grade 2,N,2025-12-21,2026-01-25,RECOVERED,NOT RELATED,DRUG INTERRUPTED
AE-0000900,SUBJ-001589,CT-103,S0023,Anaemia,Blood and lymphatic system disorders,Mild,N,2026-07-23,2026-09-02,RECOVERED,NOT RELATED,DOSE REDUCED
AE-0000901,SUBJ-001594,CT-103,S0019,Dizziness,Nervous system disorders,Moderate,N,2026-08-20,,RECOVERING,POSSIBLY RELATED,DRUG WITHDRAWN
AE-0000903,SUBJ-001598,CT-103,S0021,Nausea,Gastrointestinal disorders,3,Y,2026-08-08,,RECOVERING,NOT RELATED,DOSE REDUCED
AE-0000904,SUBJ-001607,CT-103,S0021,Fatigue,General disorders,MODERATE,N,2026-04-08,2026-04-09,RECOVERED,RELATED,DOSE REDUCED
AE-0000905,SUBJ-001609,CT-103,S0024,Vomiting,Gastrointestinal disorders,mild,N,2026-07-11,2026-07-30,RECOVERED,NOT RELATED,DRUG INTERRUPTED
AE-0000906,SUBJ-001609,CT-103,S0024,Rash,Skin and subcutaneous tissue disorders,2,N,2026-08-10,,RECOVERING,RELATED,DOSE REDUCED
AE-0000907,SUBJ-001610,CT-103,S0019,Fatigue,General disorders,mild,N,2026-08-12,,ONGOING,RELATED,DOSE REDUCED
AE-0000908,SUBJ-001610,CT-103,S0019,Fatigue,General disorders,Grade 2,N,2026-07-07,2026-08-21,RECOVERED,POSSIBLY RELATED,NONE
AE-0000910,SUBJ-001616,CT-103,S0023,Diarrhoea,Gastrointestinal disorders,2,N,2026-08-23,,ONGOING,POSSIBLY RELATED,DRUG INTERRUPTED
AE-0000911,,CT-103,S0022,Arthralgia,Musculoskeletal disorders,mild,N,2026-04-21,2026-04-26,RECOVERED,NOT RELATED,DRUG INTERRUPTED
AE-0000912,SUBJ-001618,CT-103,S0024,Nausea,Gastrointestinal disorders,Grade 1,N,2026-05-09,2026-06-22,RECOVERED,NOT RELATED,DOSE REDUCED
AE-0000913,SUBJ-001618,CT-103,S0024,Pyrexia,General disorders,1,N,2026-05-01,2026-06-14,RECOVERED,RELATED,NONE
AE-0000915,SUBJ-001624,CT-103,S0024,Dizziness,Nervous system disorders,MILD,N,2026-08-12,,ONGOING,POSSIBLY RELATED,NONE
AE-0000917,SUBJ-001634,CT-103,S0022,Alanine aminotransferase increased,Investigations,Moderate,N,2026-08-02,2026-08-07,RECOVERED,NOT RELATED,DRUG INTERRUPTED
AE-0000918,SUBJ-001634,CT-103,S0022,Anaemia,Blood and lymphatic system disorders,1,N,2026-08-23,,ONGOING,RELATED,NONE
AE-0000919,SUBJ-001645,CT-104,S0028,Alanine aminotransferase increased,Investigations,SEVERE,N,2025-09-17,,ONGOING,RELATED,NONE
AE-0000920,SUBJ-001646,CT-104,S0025,Headache,Nervous system disorders,MODERATE,N,2026-03-28,,ONGOING,RELATED,DRUG WITHDRAWN
AE-0000921,SUBJ-001646,CT-104,S0025,Neutropenia,Blood and lymphatic system disorders,Moderate,N,2026-06-16,,RECOVERING,POSSIBLY RELATED,DOSE REDUCED
AE-0000922,SUBJ-001648,CT-104,S0034,Rash,Skin and subcutaneous tissue disorders,MODERATE,N,2025-10-04,,RECOVERING,RELATED,DRUG INTERRUPTED
AE-0000923,SUBJ-001648,CT-104,S0034,Diarrhoea,Gastrointestinal disorders,Severe,Y,2025-12-28,2026-01-10,RECOVERED,RELATED,NONE
AE-0000924,SUBJ-001648,CT-104,S0034,Pyrexia,General disorders,MILD,N,2026-03-05,2026-04-14,RECOVERED,POSSIBLY RELATED,DOSE REDUCED
AE-0000925,SUBJ-001650,CT-104,S0032,Hypertension,Vascular disorders,MILD,N,2026-07-08,2026-07-09,RECOVERED,RELATED,DOSE REDUCED
AE-0000926,SUBJ-001667,CT-104,S0035,Hypertension,Vascular disorders,mild,N,2026-04-17,,RECOVERING,RELATED,DOSE REDUCED
AE-0000927,SUBJ-001669,CT-104,S0032,Anaemia,Blood and lymphatic system disorders,severe,Y,2026-02-03,2026-02-11,RECOVERED,RELATED,DRUG WITHDRAWN
AE-0000928,SUBJ-001671,CT-104,S0031,Pyrexia,General disorders,Grade 1,N,2025-10-24,,RECOVERING,POSSIBLY RELATED,DRUG INTERRUPTED
AE-0000929,SUBJ-001671,CT-104,S0031,Neutropenia,Blood and lymphatic system disorders,SEVERE,N,2025-10-15,2025-10-30,RECOVERED,RELATED,NONE
AE-0000930,SUBJ-001671,CT-104,S0031,Fatigue,General disorders,Mild,N,2025-11-06,,RECOVERING,RELATED,NONE
AE-0000932,SUBJ-001673,CT-104,S0027,Diarrhoea,Gastrointestinal disorders,Grade 1,N,2026-05-29,2026-06-25,RECOVERED,RELATED,DOSE REDUCED
AE-0000933,SUBJ-001673,CT-104,S0027,Diarrhoea,Gastrointestinal disorders,Moderate,N,2026-05-03,,RECOVERING,POSSIBLY RELATED,DRUG WITHDRAWN
AE-0000934,SUBJ-001676,CT-104,S0028,Insomnia,Psychiatric disorders,Grade 1,N,2026-05-26,2026-07-03,RECOVERED,POSSIBLY RELATED,NONE
AE-0000935,SUBJ-001676,CT-104,S0028,Insomnia,Psychiatric disorders,Mild,N,2026-01-04,2026-01-12,RECOVERED,RELATED,DRUG WITHDRAWN
AE-0000936,SUBJ-001676,CT-104,S0028,Nausea,Gastrointestinal disorders,SEVERE,Y,2026-06-04,,ONGOING,NOT RELATED,NONE
AE-0000938,SUBJ-001691,CT-104,S0032,Nausea,Gastrointestinal disorders,severe,N,2026-03-18,2026-03-25,RECOVERED,RELATED,DRUG INTERRUPTED
AE-0000939,SUBJ-001698,CT-104,S0028,Pyrexia,General disorders,Grade 1,N,2025-08-01,2025-08-13,RECOVERED,POSSIBLY RELATED,NONE
AE-0000940,SUBJ-001698,CT-104,S0028,Vomiting,Gastrointestinal disorders,Mild,N,2025-09-30,,RECOVERING,POSSIBLY RELATED,DRUG INTERRUPTED
AE-0000941,SUBJ-001702,CT-104,S0026,Arthralgia,Musculoskeletal disorders,SEVERE,N,2026-08-10,2026-08-27,RECOVERED,RELATED,NONE
AE-0000942,SUBJ-001702,CT-104,S0026,Nausea,Gastrointestinal disorders,Mild,N,2026-08-21,,ONGOING,NOT RELATED,DRUG WITHDRAWN
AE-0000943,SUBJ-001704,CT-104,S0029,Rash,Skin and subcutaneous tissue disorders,Grade 2,N,2025-11-14,2025-12-03,RECOVERED,POSSIBLY RELATED,NONE
AE-0000944,SUBJ-001704,CT-104,S0029,Alanine aminotransferase increased,Investigations,Mild,N,2026-01-03,,ONGOING,POSSIBLY RELATED,DRUG INTERRUPTED
AE-0000945,SUBJ-001704,CT-104,S0029,Hypertension,Vascular disorders,3,Y,2026-01-12,2026-01-21,RECOVERED,NOT RELATED,DRUG INTERRUPTED
AE-0000946,SUBJ-001707,CT-104,S0029,Pyrexia,General disorders,mild,N,2026-01-07,2026-02-17,RECOVERED,RELATED,NONE
AE-0000947,SUBJ-001707,CT-104,S0029,Alanine aminotransferase increased,Investigations,Moderate,N,2026-02-01,2026-02-16,RECOVERED,RELATED,DRUG WITHDRAWN
AE-0000948,SUBJ-001714,CT-104,S0032,Fatigue,General disorders,moderate,N,2026-08-05,,ONGOING,NOT RELATED,DOSE REDUCED
AE-0000949,SUBJ-001714,CT-104,S0032,Neutropenia,Blood and lymphatic system disorders,mild,N,2026-06-24,2026-08-05,RECOVERED,NOT RELATED,DRUG WITHDRAWN
AE-0000951,SUBJ-001723,CT-104,S0035,Fatigue,General disorders,MILD,N,2026-04-13,2026-04-29,RECOVERED,NOT RELATED,DRUG WITHDRAWN
AE-0000952,SUBJ-001723,CT-104,S0035,Nausea,Gastrointestinal disorders,Severe,Y,2026-04-18,,RECOVERING,NOT RELATED,DOSE REDUCED
AE-0000953,SUBJ-001728,CT-104,S0025,Pyrexia,General disorders,Grade 1,N,2026-01-11,2026-02-04,RECOVERED,POSSIBLY RELATED,NONE
AE-0000954,SUBJ-001728,CT-104,S0025,Headache,Nervous system disorders,SEVERE,N,2026-01-11,2026-01-14,RECOVERED,NOT RELATED,DRUG WITHDRAWN
AE-0000955,SUBJ-001728,CT-104,S0025,Fatigue,General disorders,MILD,N,2026-02-06,,RECOVERING,POSSIBLY RELATED,DRUG WITHDRAWN
AE-0000956,SUBJ-001729,CT-104,S0035,Hypertension,Vascular disorders,MILD,N,2026-05-31,2026-06-04,RECOVERED,RELATED,NONE
AE-0000957,SUBJ-001730,CT-104,S0029,Pyrexia,General disorders,N/A,N,2026-08-25,2026-09-03,RECOVERED,NOT RELATED,DRUG INTERRUPTED
AE-0000964,SUBJ-001736,CT-104,S0033,Alanine aminotransferase increased,Investigations,Grade 2,YES,2026-06-17,2026-06-21,RECOVERED,POSSIBLY RELATED,NONE
AE-0000965,SUBJ-001737,CT-104,S0025,Rash,Skin and subcutaneous tissue disorders,Moderate,N,2026-07-26,2026-08-11,RECOVERED,RELATED,NONE
AE-0000966,SUBJ-001737,CT-104,S0025,Anaemia,Blood and lymphatic system disorders,3,Y,2026-07-22,2026-08-24,RECOVERED,POSSIBLY RELATED,DRUG INTERRUPTED
AE-0000967,SUBJ-001737,CT-104,S0025,Rash,Skin and subcutaneous tissue disorders,1,N,2026-05-18,2026-06-02,RECOVERED,POSSIBLY RELATED,DRUG WITHDRAWN
AE-0000968,SUBJ-001739,CT-104,S0035,Fatigue,General disorders,Grade 2,N,2026-05-08,2026-06-11,RECOVERED,POSSIBLY RELATED,NONE
AE-0000969,SUBJ-001740,CT-104,S0036,Pyrexia,General disorders,1,true,2026-05-15,2026-06-26,RECOVERED,RELATED,DRUG INTERRUPTED
AE-0000970,SUBJ-001740,CT-104,S0036,Rash,Skin and subcutaneous tissue disorders,SEVERE,Y,2026-02-23,,RECOVERING,RELATED,DOSE REDUCED
AE-0000971,SUBJ-001740,CT-104,S0036,Fatigue,General disorders,MILD,N,2026-04-28,2026-04-29,RECOVERED,NOT RELATED,DRUG INTERRUPTED
AE-0000972,SUBJ-001749,CT-104,S0031,Dizziness,Nervous system disorders,2,N,2025-10-13,,RECOVERING,RELATED,DRUG INTERRUPTED
AE-0000973,SUBJ-001752,CT-104,S0030,Neutropenia,Blood and lymphatic system disorders,Grade 1,N,2026-08-15,2026-09-04,RECOVERED,RELATED,DRUG WITHDRAWN
AE-0000974,SUBJ-001753,CT-104,S0025,Fatigue,General disorders,SEVERE,N,2026-01-14,2026-02-04,RECOVERED,POSSIBLY RELATED,NONE
AE-0000975,SUBJ-001753,CT-104,S0025,Headache,Nervous system disorders,severe,N,2026-01-08,2026-02-18,RECOVERED,POSSIBLY RELATED,DRUG INTERRUPTED
AE-0000977,SUBJ-001763,CT-104,S0031,Rash,Skin and subcutaneous tissue disorders,severe,Y,2026-08-11,2026-08-21,RECOVERED,RELATED,NONE
AE-0000978,SUBJ-001778,CT-104,S0032,Fatigue,General disorders,Mild,N,2026-04-25,2026-06-08,RECOVERED,POSSIBLY RELATED,NONE
AE-0000979,SUBJ-001778,CT-104,S0032,Nausea,Gastrointestinal disorders,Mild,N,2026-07-30,2026-08-23,RECOVERED,NOT RELATED,NONE
AE-0000980,SUBJ-001780,CT-104,S0030,Headache,Nervous system disorders,Grade 3,Y,2026-01-28,2026-02-20,RECOVERED,NOT RELATED,NONE
AE-0000981,SUBJ-001780,CT-104,S0030,Headache,Nervous system disorders,Grade 2,N,2025-10-17,2025-10-27,RECOVERED,POSSIBLY RELATED,DRUG INTERRUPTED
AE-0000982,SUBJ-001781,CT-104,S0028,Pyrexia,General disorders,Severe,Y,2026-07-15,2026-07-26,RECOVERED,POSSIBLY RELATED,DRUG WITHDRAWN
AE-0000985,SUBJ-001787,CT-104,S0034,Pneumonia,Infections and infestations,1,N,2025-09-08,,RECOVERING,NOT RELATED,DRUG INTERRUPTED
AE-0000986,SUBJ-001787,CT-104,S0034,Neutropenia,Blood and lymphatic system disorders,Moderate,N,2025-10-23,2025-11-15,RECOVERED,RELATED,DRUG WITHDRAWN
AE-0000987,SUBJ-001787,CT-104,S0034,Nausea,Gastrointestinal disorders,Mild,N,2025-12-03,2026-01-16,RECOVERED,POSSIBLY RELATED,DRUG INTERRUPTED
AE-0000988,SUBJ-001788,CT-104,S0033,Fatigue,General disorders,moderate,N,2026-04-02,2026-04-13,RECOVERED,RELATED,DRUG WITHDRAWN
AE-0000989,SUBJ-001788,CT-104,S0033,Headache,Nervous system disorders,Mild,N,2026-02-06,2026-02-22,RECOVERED,RELATED,NONE
AE-0000990,SUBJ-001793,CT-104,S0032,Diarrhoea,Gastrointestinal disorders,MODERATE,N,2026-08-13,,ONGOING,RELATED,DRUG INTERRUPTED
AE-0000991,SUBJ-001799,CT-104,S0031,Anaemia,Blood and lymphatic system disorders,moderate,N,2026-04-03,,RECOVERING,RELATED,DRUG WITHDRAWN
AE-0000992,SUBJ-001800,CT-104,S0027,Rash,Skin and subcutaneous tissue disorders,Grade 1,N,2025-09-24,2025-10-18,RECOVERED,RELATED,DRUG WITHDRAWN
AE-0000993,SUBJ-001800,CT-104,S0027,Nausea,Gastrointestinal disorders,Grade 2,N,2025-07-24,,ONGOING,RELATED,DRUG INTERRUPTED
AE-0000994,SUBJ-001804,CT-104,S0036,Nausea,Gastrointestinal disorders,Grade 2,N,2025-10-03,2025-10-06,RECOVERED,NOT RELATED,NONE
AE-0000995,SUBJ-001804,CT-104,S0036,Neutropenia,Blood and lymphatic system disorders,Mild,N,2025-09-26,2025-11-06,RECOVERED,POSSIBLY RELATED,NONE
AE-0000996,SUBJ-001804,CT-104,S0036,Nausea,Gastrointestinal disorders,Mild,N,2025-12-01,,ONGOING,RELATED,NONE
AE-0000998,SUBJ-001807,CT-104,S0034,Vomiting,Gastrointestinal disorders,MILD,N,2026-08-11,2026-08-31,RECOVERED,POSSIBLY RELATED,DOSE REDUCED
AE-0000999,,CT-104,S0030,Neutropenia,Blood and lymphatic system disorders,1,N,2026-04-26,,ONGOING,NOT RELATED,NONE
AE-0001000,SUBJ-001808,CT-104,S0030,Fatigue,General disorders,Grade 3,N,2026-04-03,,RECOVERING,POSSIBLY RELATED,DRUG INTERRUPTED
AE-0001001,SUBJ-001819,CT-104,S0032,Nausea,Gastrointestinal disorders,2,N,2026-08-14,,RECOVERING,NOT RELATED,DRUG INTERRUPTED
AE-0001002,SUBJ-001819,CT-104,S0032,Alanine aminotransferase increased,Investigations,MILD,1,2026-05-14,2026-06-24,RECOVERED,NOT RELATED,NONE
AE-0001003,SUBJ-001823,CT-104,S0036,Nausea,Gastrointestinal disorders,3,Y,2025-11-03,2025-12-16,RECOVERED,NOT RELATED,NONE
AE-0001004,SUBJ-001823,CT-104,S0036,Neutropenia,Blood and lymphatic system disorders,Mild,N,2026-03-03,,RECOVERING,POSSIBLY RELATED,DRUG WITHDRAWN
AE-0001005,SUBJ-001823,CT-104,S0036,Nausea,Gastrointestinal disorders,Grade 1,N,2025-10-26,2025-10-27,RECOVERED,NOT RELATED,NONE
AE-0001006,SUBJ-001829,CT-104,S0033,Headache,Nervous system disorders,2,N,2026-01-14,,ONGOING,RELATED,DRUG WITHDRAWN
AE-0001007,SUBJ-001829,CT-104,S0033,Neutropenia,Blood and lymphatic system disorders,Moderate,N,2025-12-25,,RECOVERING,NOT RELATED,NONE
AE-0001008,SUBJ-001831,CT-104,S0035,Alanine aminotransferase increased,Investigations,1,N,2026-05-19,2026-06-17,RECOVERED,NOT RELATED,DRUG WITHDRAWN
AE-0001009,SUBJ-001832,CT-104,S0029,Nausea,Gastrointestinal disorders,mild,N,2026-05-04,2026-06-15,RECOVERED,POSSIBLY RELATED,DRUG WITHDRAWN
AE-0001010,SUBJ-001832,CT-104,S0029,Nausea,Gastrointestinal disorders,moderate,N,2026-08-04,2026-08-06,RECOVERED,POSSIBLY RELATED,DRUG INTERRUPTED
AE-0001012,SUBJ-001837,CT-104,S0035,Headache,Nervous system disorders,Grade 1,N,2026-08-08,,ONGOING,POSSIBLY RELATED,DRUG WITHDRAWN
AE-0001013,SUBJ-001839,CT-104,S0035,Fatigue,General disorders,Grade 3,Y,2026-03-27,2026-05-03,RECOVERED,POSSIBLY RELATED,DOSE REDUCED
AE-0001014,SUBJ-001839,CT-104,S0035,Headache,Nervous system disorders,Grade 1,N,2026-02-07,2026-02-27,RECOVERED,RELATED,DOSE REDUCED
AE-0001015,SUBJ-001839,CT-104,S0035,Vomiting,Gastrointestinal disorders,1,N,2026-04-10,,ONGOING,POSSIBLY RELATED,DRUG INTERRUPTED
AE-0001016,SUBJ-001840,CT-104,S0035,Dizziness,Nervous system disorders,mild,N,2025-11-09,2025-11-11,RECOVERED,POSSIBLY RELATED,NONE
AE-0001017,SUBJ-001840,CT-104,S0035,Neutropenia,Blood and lymphatic system disorders,MILD,N,2026-05-21,,RECOVERING,POSSIBLY RELATED,DRUG WITHDRAWN
AE-0001018,SUBJ-001847,CT-104,S0034,Headache,Nervous system disorders,2,N,2025-09-02,2025-09-08,RECOVERED,POSSIBLY RELATED,DRUG WITHDRAWN
AE-0001019,SUBJ-001847,CT-104,S0034,Vomiting,Gastrointestinal disorders,mild,N,2025-11-14,,RECOVERING,POSSIBLY RELATED,DRUG WITHDRAWN
AE-0001020,SUBJ-001847,CT-104,S0034,Rash,Skin and subcutaneous tissue disorders,MILD,N,2025-08-30,2025-09-24,RECOVERED,RELATED,DRUG INTERRUPTED
AE-0001022,SUBJ-001853,CT-104,S0027,Nausea,Gastrointestinal disorders,MILD,N,2026-02-27,2026-03-04,RECOVERED,POSSIBLY RELATED,DRUG WITHDRAWN
AE-0001023,SUBJ-001853,CT-104,S0027,Nausea,Gastrointestinal disorders,mild,N,2026-04-13,2026-05-17,RECOVERED,NOT RELATED,DOSE REDUCED
AE-0001024,SUBJ-001856,CT-104,S0030,Pyrexia,General disorders,Mild,N,2026-05-06,2026-05-16,RECOVERED,NOT RELATED,NONE
AE-0001025,SUBJ-001856,CT-104,S0030,Fatigue,General disorders,1,N,2026-06-13,,RECOVERING,POSSIBLY RELATED,DRUG WITHDRAWN
AE-0001026,SUBJ-001856,CT-104,S0030,Dizziness,Nervous system disorders,MODERATE,N,2026-08-14,,RECOVERING,POSSIBLY RELATED,DOSE REDUCED
AE-0001027,SUBJ-001857,CT-104,S0028,Nausea,Gastrointestinal disorders,Grade 1,N,2025-09-07,2025-09-15,RECOVERED,RELATED,DRUG WITHDRAWN
AE-0001028,SUBJ-001858,CT-104,S0027,Neutropenia,Blood and lymphatic system disorders,3,N,2025-12-20,2026-01-27,RECOVERED,POSSIBLY RELATED,DOSE REDUCED
AE-0001029,SUBJ-001859,CT-104,S0028,Headache,Nervous system disorders,moderate,N,2026-04-27,,ONGOING,NOT RELATED,DOSE REDUCED
AE-0001030,SUBJ-001859,CT-104,S0028,Nausea,Gastrointestinal disorders,mild,N,2026-04-24,2026-05-28,RECOVERED,NOT RELATED,DRUG WITHDRAWN
AE-0001031,SUBJ-001859,CT-104,S0028,Nausea,Gastrointestinal disorders,1,N,2026-06-30,2026-07-04,RECOVERED,NOT RELATED,DOSE REDUCED
AE-0001032,SUBJ-001860,CT-104,S0027,Pyrexia,General disorders,Mild,N,2026-05-02,2026-05-31,RECOVERED,NOT RELATED,NONE
AE-0001035,SUBJ-001861,CT-104,S0030,Neutropenia,Blood and lymphatic system disorders,mild,N,2026-05-28,2026-06-19,RECOVERED,POSSIBLY RELATED,DRUG WITHDRAWN
AE-0001036,SUBJ-001861,CT-104,S0030,Arthralgia,Musculoskeletal disorders,Moderate,N,2026-05-16,2026-05-30,RECOVERED,NOT RELATED,DOSE REDUCED
AE-0001037,SUBJ-001863,CT-104,S0033,Diarrhoea,Gastrointestinal disorders,1,N,2026-08-17,,RECOVERING,RELATED,DRUG WITHDRAWN
AE-0001038,SUBJ-001863,CT-104,S0033,Nausea,Gastrointestinal disorders,3,N,2026-08-24,,ONGOING,NOT RELATED,DRUG INTERRUPTED
AE-0001039,SUBJ-001863,CT-104,S0033,Nausea,Gastrointestinal disorders,Grade 1,N,2026-08-08,,RECOVERING,RELATED,NONE
AE-0001041,SUBJ-001868,CT-104,S0032,Hypertension,Vascular disorders,Grade 1,N,2025-10-31,2025-11-14,RECOVERED,POSSIBLY RELATED,DRUG INTERRUPTED
AE-0001042,SUBJ-001872,CT-104,S0025,Dizziness,Nervous system disorders,Mild,N,2025-08-25,2025-09-05,RECOVERED,POSSIBLY RELATED,DOSE REDUCED
AE-0001043,SUBJ-001876,CT-104,S0029,Diarrhoea,Gastrointestinal disorders,Grade 3,N,2025-10-27,2025-11-15,RECOVERED,NOT RELATED,DRUG INTERRUPTED
AE-0001044,SUBJ-001876,CT-104,S0029,Anaemia,Blood and lymphatic system disorders,Grade 3,Y,2026-01-17,2026-02-05,RECOVERED,RELATED,DOSE REDUCED
AE-0001045,SUBJ-001879,CT-104,S0031,Nausea,Gastrointestinal disorders,severe,Y,2026-02-17,,RECOVERING,POSSIBLY RELATED,DRUG INTERRUPTED
AE-0001046,SUBJ-001879,CT-104,S0031,Neutropenia,Blood and lymphatic system disorders,mild,N,2025-09-11,2025-10-18,RECOVERED,RELATED,DRUG WITHDRAWN
AE-0001047,SUBJ-001885,CT-104,S0025,Neutropenia,Blood and lymphatic system disorders,MILD,N,2026-06-18,,ONGOING,RELATED,DRUG INTERRUPTED
AE-0001048,SUBJ-001889,CT-104,S0025,Rash,Skin and subcutaneous tissue disorders,mild,N,2025-11-14,2025-11-17,RECOVERED,POSSIBLY RELATED,DRUG INTERRUPTED
AE-0001049,SUBJ-001891,CT-104,S0036,Hypertension,Vascular disorders,Moderate,N,2026-08-10,,ONGOING,NOT RELATED,NONE
AE-0001050,SUBJ-001901,CT-104,S0027,Neutropenia,Blood and lymphatic system disorders,Grade 1,N,2026-01-30,2026-02-02,RECOVERED,RELATED,DRUG WITHDRAWN
AE-0001051,SUBJ-001901,CT-104,S0027,Rash,Skin and subcutaneous tissue disorders,,N,2025-10-29,2025-12-02,RECOVERED,RELATED,NONE
AE-0001052,SUBJ-001904,CT-104,S0028,Headache,Nervous system disorders,SEVERE,Y,2026-05-15,,ONGOING,NOT RELATED,DOSE REDUCED
AE-0001053,SUBJ-001904,CT-104,S0028,Anaemia,Blood and lymphatic system disorders,Mild,N,2026-02-21,2026-03-25,RECOVERED,POSSIBLY RELATED,DOSE REDUCED
AE-0001054,SUBJ-001905,CT-104,S0033,Headache,Nervous system disorders,Grade 3,Y,2026-08-17,2026-09-06,RECOVERED,POSSIBLY RELATED,DRUG WITHDRAWN
AE-0001056,,CT-104,S0029,Diarrhoea,Gastrointestinal disorders,3,N,2025-11-02,2025-11-05,RECOVERED,RELATED,DRUG INTERRUPTED
AE-0001057,SUBJ-001908,CT-104,S0029,Anaemia,Blood and lymphatic system disorders,MILD,N,2026-03-27,2026-04-20,RECOVERED,RELATED,DRUG WITHDRAWN
AE-0001058,SUBJ-001908,CT-104,S0029,Diarrhoea,Gastrointestinal disorders,moderate,N,2026-03-14,2026-03-23,RECOVERED,RELATED,DRUG WITHDRAWN
AE-0001059,SUBJ-001910,CT-104,S0035,Headache,Nervous system disorders,SEVERE,Y,2026-04-25,2026-05-04,RECOVERED,NOT RELATED,NONE
AE-0001060,SUBJ-001914,CT-104,S0030,Fatigue,General disorders,2,N,2026-08-12,2026-09-01,RECOVERED,NOT RELATED,NONE
AE-0001061,SUBJ-001914,CT-104,S0030,Headache,Nervous system disorders,1,N,2026-08-09,2026-09-04,RECOVERED,RELATED,DRUG WITHDRAWN
AE-0001063,SUBJ-001922,CT-104,S0035,Vomiting,Gastrointestinal disorders,mild,N,2026-08-10,2026-08-30,RECOVERED,NOT RELATED,DRUG INTERRUPTED
AE-0001064,SUBJ-001922,CT-104,S0035,Fatigue,General disorders,Mild,N,2026-05-31,2026-06-30,RECOVERED,RELATED,DRUG WITHDRAWN
AE-0001065,SUBJ-001926,CT-104,S0028,Diarrhoea,Gastrointestinal disorders,3,Y,2026-07-08,,ONGOING,NOT RELATED,DRUG INTERRUPTED
AE-0001066,SUBJ-001926,CT-104,S0028,Dizziness,Nervous system disorders,MILD,N,2026-02-25,2026-03-04,RECOVERED,RELATED,DRUG INTERRUPTED
AE-0001067,SUBJ-001926,CT-104,S0028,Syncope,Nervous system disorders,2,N,2026-08-02,2026-09-05,RECOVERED,NOT RELATED,DRUG WITHDRAWN
AE-0001068,SUBJ-001930,CT-104,S0025,Dizziness,Nervous system disorders,Moderate,N,2026-02-01,2026-02-11,RECOVERED,POSSIBLY RELATED,DOSE REDUCED
AE-0001069,SUBJ-001930,CT-104,S0025,Dizziness,Nervous system disorders,mild,N,2025-09-08,2025-09-09,RECOVERED,RELATED,NONE
AE-0001070,SUBJ-001933,CT-104,S0026,Headache,Nervous system disorders,1,N,2025-12-09,2025-12-25,RECOVERED,POSSIBLY RELATED,DRUG INTERRUPTED
AE-0001071,SUBJ-001936,CT-104,S0031,Pyrexia,General disorders,Grade 1,N,2026-07-13,2026-08-21,RECOVERED,RELATED,DRUG WITHDRAWN
AE-0001072,SUBJ-001937,CT-104,S0033,Hypertension,Vascular disorders,1,N,2026-08-21,,ONGOING,POSSIBLY RELATED,DRUG WITHDRAWN
AE-0001073,SUBJ-001957,CT-104,S0036,Alanine aminotransferase increased,Investigations,MILD,N,2026-02-06,2026-02-16,RECOVERED,RELATED,DOSE REDUCED
AE-0001074,SUBJ-001963,CT-104,S0026,Anaemia,Blood and lymphatic system disorders,1,N,2025-10-02,,RECOVERING,RELATED,NONE
AE-0001075,SUBJ-001963,CT-104,S0026,Anaemia,Blood and lymphatic system disorders,MILD,N,2025-11-22,2025-12-30,RECOVERED,POSSIBLY RELATED,DRUG WITHDRAWN
AE-0001076,SUBJ-001963,CT-104,S0026,Pyrexia,General disorders,mild,N,2025-10-12,,RECOVERING,POSSIBLY RELATED,DOSE REDUCED
AE-0001077,SUBJ-001964,CT-104,S0035,Anaemia,Blood and lymphatic system disorders,mild,N,2025-11-06,2025-12-15,RECOVERED,POSSIBLY RELATED,DRUG INTERRUPTED
AE-0001078,SUBJ-001966,CT-104,S0034,Fatigue,General disorders,Grade 3,Y,2026-02-26,2026-02-28,RECOVERED,RELATED,DRUG WITHDRAWN
AE-0001079,SUBJ-001968,CT-104,S0029,Neutropenia,Blood and lymphatic system disorders,SEVERE,N,2026-04-14,2026-05-24,RECOVERED,NOT RELATED,NONE
AE-0001080,SUBJ-001968,CT-104,S0029,Fatigue,General disorders,Mild,N,2026-04-23,2026-05-21,RECOVERED,RELATED,DOSE REDUCED
AE-0001081,SUBJ-001968,CT-104,S0029,Insomnia,Psychiatric disorders,1,N,2026-08-11,2026-08-21,RECOVERED,RELATED,DRUG WITHDRAWN
AE-0001082,SUBJ-001971,CT-104,S0034,Diarrhoea,Gastrointestinal disorders,MILD,N,2026-07-07,,RECOVERING,NOT RELATED,NONE
AE-0001083,SUBJ-001971,CT-104,S0034,Anaemia,Blood and lymphatic system disorders,SEVERE,N,2026-04-28,2026-05-21,RECOVERED,POSSIBLY RELATED,NONE
AE-0001084,SUBJ-001971,CT-104,S0034,Fatigue,General disorders,3,Y,2026-07-11,2026-08-18,RECOVERED,RELATED,DOSE REDUCED
AE-0001085,SUBJ-001973,CT-104,S0034,Nausea,Gastrointestinal disorders,3,Y,2026-05-31,,RECOVERING,POSSIBLY RELATED,DRUG INTERRUPTED
AE-0001086,SUBJ-001973,CT-104,S0034,Headache,Nervous system disorders,Grade 2,N,2026-06-12,,ONGOING,POSSIBLY RELATED,NONE
AE-0001087,SUBJ-001973,CT-104,S0034,Dizziness,Nervous system disorders,Grade 2,N,2026-08-10,,ONGOING,RELATED,DRUG INTERRUPTED
AE-0001088,SUBJ-001976,CT-104,S0031,Dizziness,Nervous system disorders,Mild,N,2026-05-16,2026-05-30,RECOVERED,RELATED,NONE
AE-0001089,SUBJ-001978,CT-104,S0029,Fatigue,General disorders,Mild,N,2026-05-01,2026-06-03,RECOVERED,NOT RELATED,NONE
AE-0001090,SUBJ-001978,CT-104,S0029,Rash,Skin and subcutaneous tissue disorders,MILD,N,2026-06-17,2026-07-16,RECOVERED,POSSIBLY RELATED,DOSE REDUCED
AE-0001091,SUBJ-001985,CT-104,S0034,Neutropenia,Blood and lymphatic system disorders,Mild,N,2026-03-07,2026-03-21,RECOVERED,NOT RELATED,DRUG WITHDRAWN
AE-0001092,SUBJ-001987,CT-104,S0027,Pyrexia,General disorders,severe,Y,2026-08-12,2026-08-29,RECOVERED,NOT RELATED,DRUG WITHDRAWN
AE-0001093,SUBJ-001987,CT-104,S0027,Dizziness,Nervous system disorders,MILD,N,2026-08-22,,ONGOING,NOT RELATED,DRUG INTERRUPTED
AE-0001094,SUBJ-001990,CT-104,S0030,Rash,Skin and subcutaneous tissue disorders,mild,N,2025-12-27,2026-01-06,RECOVERED,POSSIBLY RELATED,DRUG WITHDRAWN
AE-0001095,SUBJ-001990,CT-104,S0030,Diarrhoea,Gastrointestinal disorders,3,Y,2026-01-23,2026-02-04,RECOVERED,NOT RELATED,NONE
AE-0001096,SUBJ-001990,CT-104,S0030,Pyrexia,General disorders,severe,N,2026-02-01,2026-02-06,RECOVERED,POSSIBLY RELATED,NONE
AE-0001097,SUBJ-001991,CT-104,S0027,Dizziness,Nervous system disorders,mild,N,2025-12-30,2026-02-05,RECOVERED,NOT RELATED,DOSE REDUCED
AE-0001098,SUBJ-001991,CT-104,S0027,Nausea,Gastrointestinal disorders,Severe,Y,2026-03-15,,RECOVERING,RELATED,DRUG INTERRUPTED
AE-0001099,SUBJ-001991,CT-104,S0027,Dizziness,Nervous system disorders,Grade 1,N,2026-03-14,2026-04-03,RECOVERED,NOT RELATED,DRUG INTERRUPTED
AE-0001100,SUBJ-001993,CT-104,S0036,Dizziness,Nervous system disorders,1,N,2025-10-12,2025-10-31,RECOVERED,RELATED,DRUG INTERRUPTED
AE-0001101,SUBJ-001993,CT-104,S0036,Pyrexia,General disorders,severe,N,2025-09-21,2025-10-03,RECOVERED,RELATED,DRUG INTERRUPTED
AE-0001102,SUBJ-001994,CT-104,S0027,Dizziness,Nervous system disorders,Moderate,N,2026-08-12,,ONGOING,POSSIBLY RELATED,DRUG INTERRUPTED
AE-0001103,SUBJ-002001,CT-104,S0030,Pyrexia,General disorders,Grade 3,N,2025-11-18,2025-12-25,RECOVERED,RELATED,DRUG WITHDRAWN
AE-0001104,SUBJ-002001,CT-104,S0030,Insomnia,Psychiatric disorders,1,N,2025-12-31,2026-02-12,RECOVERED,POSSIBLY RELATED,NONE
AE-0001105,SUBJ-002002,CT-104,S0026,Neutropenia,Blood and lymphatic system disorders,Severe,Y,2025-07-28,2025-09-09,RECOVERED,POSSIBLY RELATED,NONE
AE-0001106,SUBJ-002002,CT-104,S0026,Fatigue,General disorders,severe,N,2025-12-31,,ONGOING,RELATED,DRUG WITHDRAWN
AE-0001107,SUBJ-002002,CT-104,S0026,Rash,Skin and subcutaneous tissue disorders,2,N,2026-01-07,2026-01-27,RECOVERED,NOT RELATED,NONE
AE-0001108,SUBJ-002003,CT-104,S0033,Rash,Skin and subcutaneous tissue disorders,1,N,2025-09-18,2025-10-14,RECOVERED,NOT RELATED,NONE
AE-0001109,SUBJ-002004,CT-104,S0028,Dizziness,Nervous system disorders,moderate,N,2026-02-02,2026-02-18,RECOVERED,POSSIBLY RELATED,DRUG WITHDRAWN
AE-0001110,SUBJ-002006,CT-104,S0036,Vomiting,Gastrointestinal disorders,Mild,N,2025-08-03,2025-08-05,RECOVERED,POSSIBLY RELATED,DRUG INTERRUPTED
AE-0001111,SUBJ-002006,CT-104,S0036,Diarrhoea,Gastrointestinal disorders,3,N,2025-10-13,,ONGOING,NOT RELATED,NONE
AE-0001112,SUBJ-002008,CT-104,S0032,Fatigue,General disorders,1,N,2026-05-31,2026-06-16,RECOVERED,NOT RELATED,DRUG WITHDRAWN
AE-0001113,SUBJ-002008,CT-104,S0032,Headache,Nervous system disorders,Mild,N,2026-07-11,2026-08-23,RECOVERED,NOT RELATED,DRUG INTERRUPTED
AE-0001114,SUBJ-002010,CT-104,S0034,Anaemia,Blood and lymphatic system disorders,1,N,2026-08-12,2026-08-28,RECOVERED,NOT RELATED,NONE
AE-0001116,SUBJ-002010,CT-104,S0034,Headache,Nervous system disorders,Grade 2,N,2026-08-12,,ONGOING,NOT RELATED,NONE
AE-0001117,SUBJ-002012,CT-104,S0028,Diarrhoea,Gastrointestinal disorders,severe,Y,2026-01-22,,ONGOING,NOT RELATED,NONE
AE-0001118,SUBJ-002016,CT-104,S0030,Neutropenia,Blood and lymphatic system disorders,mild,N,2026-06-10,2026-07-04,RECOVERED,RELATED,NONE
AE-0001119,SUBJ-002016,CT-104,S0030,Vomiting,Gastrointestinal disorders,1,N,2026-06-12,2026-07-17,RECOVERED,POSSIBLY RELATED,NONE
AE-0001120,SUBJ-002016,CT-104,S0030,Nausea,Gastrointestinal disorders,Mild,N,2026-08-25,,ONGOING,RELATED,DRUG WITHDRAWN
AE-0001121,SUBJ-002019,CT-104,S0032,Dizziness,Nervous system disorders,Grade 3,N,2026-05-10,2026-05-24,RECOVERED,RELATED,DRUG WITHDRAWN
AE-0001122,SUBJ-002019,CT-104,S0032,Nausea,Gastrointestinal disorders,MODERATE,N,2026-07-17,2026-08-28,RECOVERED,POSSIBLY RELATED,DRUG INTERRUPTED
AE-0001125,SUBJ-002022,CT-104,S0026,Fatigue,General disorders,2,N,2026-06-18,2026-07-25,RECOVERED,POSSIBLY RELATED,DRUG INTERRUPTED
AE-0001126,SUBJ-002030,CT-104,S0028,Nausea,Gastrointestinal disorders,Moderate,N,2026-07-01,2026-07-11,RECOVERED,RELATED,DRUG WITHDRAWN
AE-0001127,SUBJ-002030,CT-104,S0028,Anaemia,Blood and lymphatic system disorders,Severe,Y,2026-05-04,2026-05-13,RECOVERED,RELATED,DOSE REDUCED
AE-0001128,SUBJ-002036,CT-104,S0030,Nausea,Gastrointestinal disorders,SEVERE,Y,2025-12-04,2025-12-23,RECOVERED,RELATED,DOSE REDUCED
AE-0001129,SUBJ-002046,CT-104,S0030,Headache,Nervous system disorders,moderate,N,2026-07-04,2026-07-05,RECOVERED,POSSIBLY RELATED,NONE
AE-0001131,SUBJ-002048,CT-104,S0032,Rash,Skin and subcutaneous tissue disorders,1,N,2026-02-09,2026-02-23,RECOVERED,RELATED,NONE
AE-0001132,SUBJ-002048,CT-104,S0032,Rash,Skin and subcutaneous tissue disorders,Grade 1,N,2025-10-24,2025-11-12,RECOVERED,NOT RELATED,NONE
AE-0001133,SUBJ-002048,CT-104,S0032,Rash,Skin and subcutaneous tissue disorders,Moderate,N,2025-12-30,2026-01-26,RECOVERED,POSSIBLY RELATED,DRUG INTERRUPTED
AE-0001134,SUBJ-002057,CT-104,S0026,Pyrexia,General disorders,Grade 3,Y,2026-03-21,,ONGOING,RELATED,NONE
AE-0001135,SUBJ-002060,CT-104,S0035,Neutropenia,Blood and lymphatic system disorders,Grade 1,N,2025-12-02,2026-01-07,RECOVERED,POSSIBLY RELATED,DRUG WITHDRAWN
AE-0001136,SUBJ-002060,CT-104,S0035,Hypertension,Vascular disorders,Severe,N,2025-08-14,,RECOVERING,RELATED,DOSE REDUCED
AE-0001137,SUBJ-002060,CT-104,S0035,Diarrhoea,Gastrointestinal disorders,Grade 1,N,2025-08-18,2025-08-26,RECOVERED,POSSIBLY RELATED,DRUG WITHDRAWN
AE-0001138,SUBJ-002078,CT-104,S0027,Dizziness,Nervous system disorders,SEVERE,N,2026-06-02,2026-06-15,RECOVERED,RELATED,DOSE REDUCED
AE-0001139,SUBJ-002078,CT-104,S0027,Insomnia,Psychiatric disorders,MODERATE,N,2026-04-26,2026-05-11,RECOVERED,NOT RELATED,DOSE REDUCED
AE-0001140,SUBJ-002083,CT-104,S0026,Insomnia,Psychiatric disorders,2,N,2026-05-30,2026-05-31,RECOVERED,NOT RELATED,NONE
AE-0001141,SUBJ-002097,CT-104,S0033,Dizziness,Nervous system disorders,severe,N,2025-11-29,,RECOVERING,NOT RELATED,DOSE REDUCED
AE-0001144,SUBJ-002101,CT-104,S0036,Anaemia,Blood and lymphatic system disorders,Mild,N,2026-08-18,,RECOVERING,RELATED,DRUG WITHDRAWN
AE-0001145,SUBJ-002101,CT-104,S0036,Hypertension,Vascular disorders,Grade 3,N,2026-06-20,2026-07-03,RECOVERED,POSSIBLY RELATED,DRUG WITHDRAWN
AE-0001146,SUBJ-002105,CT-104,S0035,Hypertension,Vascular disorders,Grade 2,N,2025-06-22,,RECOVERING,POSSIBLY RELATED,DOSE REDUCED
AE-0001147,SUBJ-002105,CT-104,S0035,Diarrhoea,Gastrointestinal disorders,MILD,N,2025-10-26,2025-12-09,RECOVERED,POSSIBLY RELATED,DOSE REDUCED
AE-0001148,SUBJ-002105,CT-104,S0035,Pyrexia,General disorders,Grade 3,N,2025-11-22,,ONGOING,POSSIBLY RELATED,DRUG INTERRUPTED
AE-0001149,SUBJ-002112,CT-104,S0027,Nausea,Gastrointestinal disorders,1,N,2026-08-14,,RECOVERING,RELATED,DOSE REDUCED
AE-0001150,SUBJ-002114,CT-104,S0030,Alanine aminotransferase increased,Investigations,moderate,N,2025-11-12,,ONGOING,NOT RELATED,NONE
AE-0001151,SUBJ-002114,CT-104,S0030,Rash,Skin and subcutaneous tissue disorders,1,N,2025-10-03,,ONGOING,NOT RELATED,NONE
AE-0001152,SUBJ-002118,CT-104,S0028,Insomnia,Psychiatric disorders,SEVERE,N,2026-08-11,2026-09-02,RECOVERED,NOT RELATED,DOSE REDUCED
AE-0001154,SUBJ-002123,CT-104,S0030,Hypertension,Vascular disorders,Grade 4,N,2025-09-27,2025-10-05,RECOVERED,NOT RELATED,DOSE REDUCED
AE-0001155,SUBJ-002123,CT-104,S0030,Rash,Skin and subcutaneous tissue disorders,Grade 3,Y,2026-02-15,2026-03-20,RECOVERED,NOT RELATED,DOSE REDUCED
AE-0001156,SUBJ-002126,CT-104,S0029,Headache,Nervous system disorders,3,N,2026-08-11,2026-08-18,RECOVERED,NOT RELATED,DRUG WITHDRAWN
AE-0001157,SUBJ-002126,CT-104,S0029,Rash,Skin and subcutaneous tissue disorders,Mild,N,2026-08-20,,RECOVERING,RELATED,DRUG WITHDRAWN
AE-0001158,SUBJ-002126,CT-104,S0029,Hypertension,Vascular disorders,Mild,N,2026-07-30,2026-09-04,RECOVERED,RELATED,NONE
AE-0001159,SUBJ-002127,CT-104,S0036,Nausea,Gastrointestinal disorders,3,Y,2026-01-29,,RECOVERING,RELATED,NONE
AE-0001160,SUBJ-002127,CT-104,S0036,Pyrexia,General disorders,2,N,2025-09-04,,ONGOING,NOT RELATED,DRUG INTERRUPTED
AE-0001161,SUBJ-002132,CT-104,S0030,Neutropenia,Blood and lymphatic system disorders,Moderate,N,2026-04-20,2026-05-29,RECOVERED,POSSIBLY RELATED,DRUG WITHDRAWN
AE-0001162,SUBJ-002132,CT-104,S0030,Syncope,Nervous system disorders,Mild,N,2026-06-16,,ONGOING,POSSIBLY RELATED,DOSE REDUCED
AE-0001163,SUBJ-002132,CT-104,S0030,Fatigue,General disorders,MODERATE,N,2026-01-20,2026-02-03,RECOVERED,NOT RELATED,NONE
AE-0001164,SUBJ-002133,CT-104,S0030,Dizziness,Nervous system disorders,Grade 2,N,2026-08-24,,ONGOING,RELATED,DRUG WITHDRAWN
AE-0001165,SUBJ-002133,CT-104,S0030,Fatigue,General disorders,Moderate,N,2026-08-19,,RECOVERING,NOT RELATED,DRUG INTERRUPTED
AE-0001166,SUBJ-002134,CT-104,S0032,Diarrhoea,Gastrointestinal disorders,MILD,N,2026-07-13,,RECOVERING,RELATED,NONE
AE-0001168,SUBJ-002134,CT-104,S0032,Dizziness,Nervous system disorders,severe,Y,2026-07-26,,RECOVERING,POSSIBLY RELATED,DOSE REDUCED
AE-0001170,SUBJ-002146,CT-104,S0033,Syncope,Nervous system disorders,Mild,N,2026-01-23,2026-01-31,RECOVERED,RELATED,DRUG INTERRUPTED
AE-0001171,SUBJ-002146,CT-104,S0033,Headache,Nervous system disorders,Grade 1,N,2025-08-22,2025-09-13,RECOVERED,RELATED,DRUG WITHDRAWN
AE-0001172,SUBJ-002147,CT-104,S0032,Headache,Nervous system disorders,Grade 1,N,2026-03-27,2026-04-08,RECOVERED,RELATED,DRUG INTERRUPTED
AE-0001173,SUBJ-002149,CT-104,S0034,Pyrexia,General disorders,mild,N,2025-12-09,2026-01-14,RECOVERED,POSSIBLY RELATED,NONE
AE-0001174,SUBJ-002156,CT-104,S0025,Fatigue,General disorders,1,N,,2026-05-27,RECOVERED,RELATED,DOSE REDUCED
AE-0001175,SUBJ-002156,CT-104,S0025,Dizziness,Nervous system disorders,2,N,2026-02-23,2026-03-26,RECOVERED,NOT RELATED,DOSE REDUCED
AE-0001176,SUBJ-002156,CT-104,S0025,Nausea,Gastrointestinal disorders,Severe,N,2026-03-17,,ONGOING,POSSIBLY RELATED,DRUG INTERRUPTED
AE-0001177,SUBJ-002157,CT-104,S0029,Anaemia,Blood and lymphatic system disorders,Mild,N,2026-08-14,,ONGOING,POSSIBLY RELATED,DRUG WITHDRAWN
AE-0001178,SUBJ-002157,CT-104,S0029,Fatigue,General disorders,Mild,N,2026-07-13,2026-07-30,RECOVERED,RELATED,DRUG INTERRUPTED
AE-0001179,SUBJ-002157,CT-104,S0029,Vomiting,Gastrointestinal disorders,Grade 3,Y,2026-08-03,2026-08-18,RECOVERED,NOT RELATED,DOSE REDUCED
AE-0001180,SUBJ-002159,CT-104,S0035,Syncope,Nervous system disorders,Mild,N,2026-07-30,2026-08-16,RECOVERED,POSSIBLY RELATED,DOSE REDUCED
AE-0001181,SUBJ-002162,CT-104,S0026,Insomnia,Psychiatric disorders,1,N,2026-04-13,,RECOVERING,RELATED,DOSE REDUCED
AE-0001182,SUBJ-002168,CT-104,S0036,Dizziness,Nervous system disorders,1,N,2025-10-12,2025-11-16,RECOVERED,RELATED,DRUG INTERRUPTED
AE-0001183,SUBJ-002177,CT-104,S0029,Syncope,Nervous system disorders,Grade 2,N,2025-11-04,2025-12-12,RECOVERED,RELATED,DRUG WITHDRAWN
AE-0001184,SUBJ-002177,CT-104,S0029,Hypertension,Vascular disorders,MODERATE,N,2025-11-17,2025-11-30,RECOVERED,RELATED,DOSE REDUCED
AE-0001185,SUBJ-002177,CT-104,S0029,Pyrexia,General disorders,MODERATE,N,,2026-04-17,RECOVERED,POSSIBLY RELATED,DRUG WITHDRAWN
AE-0001187,SUBJ-002178,CT-104,S0029,Anaemia,Blood and lymphatic system disorders,Severe,Y,2026-06-07,,RECOVERING,RELATED,DOSE REDUCED
AE-0001189,SUBJ-002184,CT-104,S0035,Insomnia,Psychiatric disorders,1,N,2026-05-07,2026-05-18,RECOVERED,RELATED,NONE
AE-0001190,SUBJ-002185,CT-104,S0036,Syncope,Nervous system disorders,Mild,N,2025-10-11,2025-10-30,RECOVERED,RELATED,DOSE REDUCED
AE-0001191,SUBJ-002187,CT-104,S0026,Anaemia,Blood and lymphatic system disorders,Grade 1,N,2026-08-20,,RECOVERING,POSSIBLY RELATED,DRUG WITHDRAWN
AE-0001192,SUBJ-002188,CT-104,S0025,Rash,Skin and subcutaneous tissue disorders,moderate,N,2026-06-01,,RECOVERING,RELATED,DRUG INTERRUPTED
AE-0001193,SUBJ-002188,CT-104,S0025,Fatigue,General disorders,SEVERE,N,,2026-06-24,RECOVERED,RELATED,DOSE REDUCED
AE-0001194,SUBJ-002188,CT-104,S0025,Alanine aminotransferase increased,Investigations,1,N,2026-05-05,,RECOVERING,POSSIBLY RELATED,DRUG WITHDRAWN
AE-0001195,SUBJ-002189,CT-104,S0025,Headache,Nervous system disorders,moderate,N,2026-05-30,,ONGOING,RELATED,NONE
AE-0001196,SUBJ-002193,CT-104,S0028,Vomiting,Gastrointestinal disorders,3,N,2025-11-16,2025-12-16,RECOVERED,NOT RELATED,DRUG WITHDRAWN
AE-0001197,SUBJ-002200,CT-104,S0032,Headache,Nervous system disorders,Grade 2,N,2026-05-24,,RECOVERING,NOT RELATED,DRUG WITHDRAWN
AE-0001198,SUBJ-002200,CT-104,S0032,Syncope,Nervous system disorders,2,N,2026-06-19,,RECOVERING,POSSIBLY RELATED,DOSE REDUCED
AE-0001199,SUBJ-002201,CT-104,S0033,Headache,Nervous system disorders,moderate,N,2026-02-06,2026-02-12,RECOVERED,POSSIBLY RELATED,DRUG INTERRUPTED
AE-0001200,SUBJ-002201,CT-104,S0033,Pyrexia,General disorders,2,N,2026-03-18,2026-04-14,RECOVERED,POSSIBLY RELATED,NONE
AE-0001201,SUBJ-002201,CT-104,S0033,Insomnia,Psychiatric disorders,Mild,N,2025-11-28,2025-12-17,RECOVERED,RELATED,NONE
AE-0001202,SUBJ-002205,CT-104,S0036,Fatigue,General disorders,Grade 1,N,2026-04-22,2026-05-02,RECOVERED,POSSIBLY RELATED,NONE
AE-0001203,SUBJ-002206,CT-104,S0033,Nausea,Gastrointestinal disorders,Mild,N,2026-06-11,2026-07-08,RECOVERED,POSSIBLY RELATED,DRUG INTERRUPTED
AE-0001204,SUBJ-002206,CT-104,S0033,Headache,Nervous system disorders,Grade 1,N,2026-05-01,2026-05-07,RECOVERED,NOT RELATED,DOSE REDUCED
AE-0001207,SUBJ-002212,CT-104,S0027,Pneumonia,Infections and infestations,MILD,N,2026-08-22,2026-08-28,RECOVERED,RELATED,DOSE REDUCED
AE-0001208,SUBJ-002214,CT-104,S0029,Rash,Skin and subcutaneous tissue disorders,Grade 1,N,2026-04-23,2026-04-27,RECOVERED,RELATED,DOSE REDUCED
AE-0001210,SUBJ-002221,CT-104,S0028,Dizziness,Nervous system disorders,2,N,2025-10-23,,RECOVERING,POSSIBLY RELATED,DRUG INTERRUPTED
AE-0001211,SUBJ-002221,CT-104,S0028,Anaemia,Blood and lymphatic system disorders,2,N,2026-01-01,2026-02-12,RECOVERED,NOT RELATED,DRUG WITHDRAWN
AE-0001212,SUBJ-002222,CT-104,S0027,Insomnia,Psychiatric disorders,Grade 1,N,2026-03-13,2026-03-18,RECOVERED,POSSIBLY RELATED,DRUG WITHDRAWN
AE-0001214,SUBJ-002234,CT-104,S0032,Headache,Nervous system disorders,mild,N,2026-05-25,,ONGOING,RELATED,DRUG INTERRUPTED
AE-0001215,SUBJ-002234,CT-104,S0032,Rash,Skin and subcutaneous tissue disorders,mild,N,2026-08-22,,ONGOING,NOT RELATED,DOSE REDUCED
AE-0001217,SUBJ-002250,CT-104,S0027,Diarrhoea,Gastrointestinal disorders,Grade 2,N,2026-03-22,2026-04-21,RECOVERED,NOT RELATED,NONE
AE-0001218,SUBJ-002252,CT-104,S0034,Vomiting,Gastrointestinal disorders,MODERATE,N,2025-12-15,2026-01-07,RECOVERED,RELATED,DRUG WITHDRAWN
AE-0001219,SUBJ-002252,CT-104,S0034,Hypertension,Vascular disorders,Grade 1,N,2026-05-10,2026-06-13,RECOVERED,RELATED,NONE
AE-0001220,SUBJ-002255,CT-104,S0031,Nausea,Gastrointestinal disorders,SEVERE,Y,2025-12-04,2025-12-16,RECOVERED,NOT RELATED,DOSE REDUCED
AE-0001221,SUBJ-002258,CT-104,S0034,Dizziness,Nervous system disorders,mild,N,2026-03-07,2026-04-19,RECOVERED,RELATED,DRUG INTERRUPTED
AE-0001223,SUBJ-002264,CT-104,S0026,Headache,Nervous system disorders,Severe,Y,2026-03-31,2026-04-08,RECOVERED,NOT RELATED,DRUG INTERRUPTED
AE-0001224,SUBJ-002264,CT-104,S0026,Nausea,Gastrointestinal disorders,severe,N,2026-04-09,,RECOVERING,POSSIBLY RELATED,NONE
AE-0001225,SUBJ-002265,CT-104,S0036,Pneumonia,Infections and infestations,1,N,2026-01-08,2026-02-18,RECOVERED,POSSIBLY RELATED,NONE
AE-0001226,SUBJ-002265,CT-104,S0036,Fatigue,General disorders,mild,N,2026-07-07,2026-07-13,RECOVERED,RELATED,DOSE REDUCED
AE-0001227,SUBJ-002265,CT-104,S0036,Nausea,Gastrointestinal disorders,Mild,N,2026-06-04,2026-06-29,RECOVERED,NOT RELATED,NONE
AE-0001228,SUBJ-002268,CT-104,S0030,Headache,Nervous system disorders,Mild,N,2026-02-24,2026-03-10,RECOVERED,RELATED,DRUG INTERRUPTED
AE-0001229,SUBJ-002268,CT-104,S0030,Pyrexia,General disorders,mild,N,2026-03-21,2026-03-30,RECOVERED,NOT RELATED,NONE
AE-0001230,SUBJ-002268,CT-104,S0030,Neutropenia,Blood and lymphatic system disorders,1,N,2026-04-21,2026-05-23,RECOVERED,NOT RELATED,DOSE REDUCED
AE-0001231,SUBJ-002272,CT-104,S0028,Fatigue,General disorders,1,N,2026-07-19,2026-09-01,RECOVERED,POSSIBLY RELATED,DOSE REDUCED
AE-0001234,SUBJ-002274,CT-104,S0029,Diarrhoea,Gastrointestinal disorders,Grade 1,N,2025-12-22,2026-01-14,RECOVERED,NOT RELATED,DRUG WITHDRAWN
AE-0001235,SUBJ-002274,CT-104,S0029,Insomnia,Psychiatric disorders,Severe,Y,2025-11-22,2026-01-01,RECOVERED,POSSIBLY RELATED,DOSE REDUCED
AE-0001236,SUBJ-002274,CT-104,S0029,Vomiting,Gastrointestinal disorders,SEVERE,Y,2025-09-02,,RECOVERING,POSSIBLY RELATED,DRUG INTERRUPTED
AE-0001237,SUBJ-002275,CT-104,S0033,Nausea,Gastrointestinal disorders,severe,Y,2026-01-26,,RECOVERING,RELATED,DRUG WITHDRAWN
AE-0001238,SUBJ-002275,CT-104,S0033,Pneumonia,Infections and infestations,Mild,N,2026-03-26,2026-04-09,RECOVERED,RELATED,DRUG WITHDRAWN
AE-0001239,SUBJ-002282,CT-104,S0035,Headache,Nervous system disorders,Grade 1,N,2026-03-04,,ONGOING,NOT RELATED,NONE
AE-0001240,SUBJ-002286,CT-104,S0027,Diarrhoea,Gastrointestinal disorders,severe,N,2026-04-17,2026-05-29,RECOVERED,RELATED,DRUG WITHDRAWN
AE-0001244,SUBJ-002294,CT-104,S0034,Nausea,Gastrointestinal disorders,Severe,N,2026-03-25,2026-04-06,RECOVERED,NOT RELATED,DRUG WITHDRAWN
AE-0001245,SUBJ-002294,CT-104,S0034,Anaemia,Blood and lymphatic system disorders,severe,N,2026-04-27,2026-05-24,RECOVERED,POSSIBLY RELATED,DRUG INTERRUPTED
AE-0001246,SUBJ-002294,CT-104,S0034,Nausea,Gastrointestinal disorders,MILD,N,2025-12-22,2025-12-26,RECOVERED,POSSIBLY RELATED,NONE
AE-0001247,SUBJ-002296,CT-104,S0032,Syncope,Nervous system disorders,mild,N,2026-04-27,,ONGOING,NOT RELATED,DOSE REDUCED
AE-0001248,SUBJ-002296,CT-104,S0032,Headache,Nervous system disorders,Severe,N,2026-04-09,2026-05-09,RECOVERED,POSSIBLY RELATED,DRUG INTERRUPTED
AE-0001249,SUBJ-002299,CT-104,S0028,Pyrexia,General disorders,MILD,N,2026-04-30,2026-05-13,RECOVERED,RELATED,DRUG INTERRUPTED
AE-0001250,SUBJ-002299,CT-104,S0028,Headache,Nervous system disorders,2,N,2026-02-13,2026-03-18,RECOVERED,NOT RELATED,DRUG WITHDRAWN
AE-0001251,SUBJ-002303,CT-104,S0034,Arthralgia,Musculoskeletal disorders,MILD,N,2026-08-19,,RECOVERING,RELATED,NONE
AE-0001252,SUBJ-002304,CT-104,S0034,Diarrhoea,Gastrointestinal disorders,Mild,N,2026-07-11,2026-07-15,RECOVERED,RELATED,DOSE REDUCED
AE-0001253,SUBJ-002304,CT-104,S0034,Headache,Nervous system disorders,1,N,2026-06-18,2026-07-04,RECOVERED,NOT RELATED,DOSE REDUCED
AE-0001254,SUBJ-002304,CT-104,S0034,Vomiting,Gastrointestinal disorders,mild,N,2026-03-23,,RECOVERING,NOT RELATED,DOSE REDUCED
AE-0001255,SUBJ-002305,CT-104,S0030,Arthralgia,Musculoskeletal disorders,2,N,2026-07-03,2026-08-05,RECOVERED,RELATED,NONE
AE-0001256,SUBJ-002306,CT-104,S0035,Neutropenia,Blood and lymphatic system disorders,1,N,2026-03-04,2026-04-12,RECOVERED,NOT RELATED,DOSE REDUCED
AE-0001257,SUBJ-002306,CT-104,S0035,Diarrhoea,Gastrointestinal disorders,Moderate,N,2026-02-22,,ONGOING,POSSIBLY RELATED,DRUG INTERRUPTED
AE-0001258,SUBJ-002314,CT-104,S0034,Nausea,Gastrointestinal disorders,Mild,N,2026-07-01,,ONGOING,NOT RELATED,NONE
AE-0001259,SUBJ-002314,CT-104,S0034,Headache,Nervous system disorders,Grade 2,N,2026-02-19,2026-03-13,RECOVERED,RELATED,DRUG WITHDRAWN
AE-0001260,SUBJ-002317,CT-104,S0034,Dizziness,Nervous system disorders,1,N,2026-07-10,,RECOVERING,NOT RELATED,DRUG INTERRUPTED
AE-0001261,SUBJ-002317,CT-104,S0034,Rash,Skin and subcutaneous tissue disorders,MILD,N,2026-07-23,2026-09-04,RECOVERED,RELATED,NONE
AE-0001262,SUBJ-002317,CT-104,S0034,Nausea,Gastrointestinal disorders,Moderate,N,2026-08-05,2026-08-18,RECOVERED,RELATED,DOSE REDUCED
AE-0001263,SUBJ-002318,CT-104,S0031,Dizziness,Nervous system disorders,moderate,N,2026-07-01,2026-08-12,RECOVERED,POSSIBLY RELATED,NONE
AE-0001264,SUBJ-002318,CT-104,S0031,Fatigue,General disorders,Mild,N,2026-08-18,,RECOVERING,NOT RELATED,DOSE REDUCED
AE-0001265,SUBJ-002319,CT-104,S0027,Headache,Nervous system disorders,Moderate,N,2026-08-20,,RECOVERING,POSSIBLY RELATED,DRUG WITHDRAWN
AE-0001266,SUBJ-002322,CT-104,S0036,Dizziness,Nervous system disorders,,N,2025-10-13,,ONGOING,RELATED,NONE
AE-0001267,SUBJ-002324,CT-104,S0030,Headache,Nervous system disorders,Grade 1,N,2026-07-30,2026-08-27,RECOVERED,NOT RELATED,DRUG WITHDRAWN
AE-0001268,SUBJ-002324,CT-104,S0030,Headache,Nervous system disorders,MILD,N,2026-08-09,,RECOVERING,NOT RELATED,NONE
AE-0001269,SUBJ-002324,CT-104,S0030,Anaemia,Blood and lymphatic system disorders,1,N,2026-07-03,,RECOVERING,POSSIBLY RELATED,DRUG WITHDRAWN
AE-0001270,SUBJ-002327,CT-104,S0027,Diarrhoea,Gastrointestinal disorders,Grade 3,Y,2026-01-19,,RECOVERING,POSSIBLY RELATED,DOSE REDUCED
AE-0001271,SUBJ-002327,CT-104,S0027,Pyrexia,General disorders,Mild,N,2025-12-05,2026-01-17,RECOVERED,POSSIBLY RELATED,DRUG INTERRUPTED
AE-0001272,SUBJ-002327,CT-104,S0027,Headache,Nervous system disorders,Mild,N,2026-03-29,,RECOVERING,NOT RELATED,NONE
AE-0001273,SUBJ-002330,CT-104,S0025,Alanine aminotransferase increased,Investigations,3,Y,2025-12-12,2026-01-15,RECOVERED,RELATED,DRUG WITHDRAWN
AE-0001274,SUBJ-002330,CT-104,S0025,Headache,Nervous system disorders,mild,N,2025-08-01,2025-08-20,RECOVERED,NOT RELATED,NONE
AE-0001275,SUBJ-002331,CT-104,S0031,Fatigue,General disorders,MILD,N,2025-10-18,,RECOVERING,RELATED,NONE
AE-0001276,SUBJ-002331,CT-104,S0031,Nausea,Gastrointestinal disorders,mild,N,2025-10-17,2025-11-23,RECOVERED,NOT RELATED,NONE
AE-0001277,SUBJ-002331,CT-104,S0031,Fatigue,General disorders,1,N,2026-01-12,2026-01-28,RECOVERED,POSSIBLY RELATED,DRUG INTERRUPTED
AE-0001278,SUBJ-002333,CT-104,S0035,Rash,Skin and subcutaneous tissue disorders,3,Y,2025-12-23,2026-01-07,RECOVERED,NOT RELATED,DRUG WITHDRAWN
AE-0001279,SUBJ-002333,CT-104,S0035,Pyrexia,General disorders,MILD,N,2026-01-06,,RECOVERING,RELATED,DOSE REDUCED
AE-0001280,SUBJ-002333,CT-104,S0035,Nausea,Gastrointestinal disorders,mild,N,2026-01-20,2026-03-01,RECOVERED,NOT RELATED,DRUG INTERRUPTED
AE-0001281,SUBJ-002334,CT-104,S0030,Syncope,Nervous system disorders,MILD,N,2026-05-07,2026-06-04,RECOVERED,POSSIBLY RELATED,DOSE REDUCED
AE-0001283,SUBJ-002339,CT-104,S0032,Dizziness,Nervous system disorders,Grade 1,N,2026-04-06,2026-04-18,RECOVERED,RELATED,NONE
AE-0001284,SUBJ-002339,CT-104,S0032,Headache,Nervous system disorders,mild,N,2026-05-30,,ONGOING,RELATED,DRUG INTERRUPTED
AE-0001285,SUBJ-002339,CT-104,S0032,Nausea,Gastrointestinal disorders,Grade 2,N,2026-07-23,2026-08-24,RECOVERED,RELATED,DRUG INTERRUPTED
AE-0001287,SUBJ-002357,CT-104,S0026,Pyrexia,General disorders,Moderate,N,2026-07-23,2026-08-31,RECOVERED,POSSIBLY RELATED,DRUG WITHDRAWN
AE-0001288,SUBJ-002361,CT-104,S0029,Arthralgia,Musculoskeletal disorders,MILD,N,2026-08-16,2026-08-30,RECOVERED,NOT RELATED,DRUG WITHDRAWN
AE-0001289,SUBJ-002361,CT-104,S0029,Pneumonia,Infections and infestations,mild,N,2026-08-05,2026-08-20,RECOVERED,RELATED,DRUG WITHDRAWN
AE-0001290,SUBJ-002363,CT-104,S0031,Nausea,Gastrointestinal disorders,Grade 1,N,2026-03-11,2026-04-10,RECOVERED,RELATED,DRUG INTERRUPTED
AE-0001291,SUBJ-002363,CT-104,S0031,Fatigue,General disorders,1,N,2026-04-25,,ONGOING,POSSIBLY RELATED,DOSE REDUCED
AE-0001292,SUBJ-002364,CT-104,S0025,Headache,Nervous system disorders,Severe,N,2026-08-15,,RECOVERING,RELATED,DOSE REDUCED
AE-0001293,SUBJ-002366,CT-104,S0028,Diarrhoea,Gastrointestinal disorders,SEVERE,Y,2026-08-09,,ONGOING,NOT RELATED,NONE
AE-0001294,SUBJ-002366,CT-104,S0028,Nausea,Gastrointestinal disorders,mild,N,2026-07-31,,RECOVERING,RELATED,DRUG INTERRUPTED
AE-0001297,SUBJ-002367,CT-104,S0031,Headache,Nervous system disorders,3,Y,2026-08-18,,ONGOING,POSSIBLY RELATED,NONE
AE-0001298,SUBJ-002372,CT-104,S0027,Insomnia,Psychiatric disorders,Moderate,N,2026-03-20,,ONGOING,RELATED,NONE
AE-0001299,SUBJ-002372,CT-104,S0027,Nausea,Gastrointestinal disorders,MILD,N,2026-03-09,2026-03-22,RECOVERED,POSSIBLY RELATED,DOSE REDUCED
AE-0001300,SUBJ-002372,CT-104,S0027,Neutropenia,Blood and lymphatic system disorders,mild,N,2026-01-31,2026-02-16,RECOVERED,RELATED,DRUG INTERRUPTED
AE-0001301,SUBJ-002375,CT-104,S0029,Diarrhoea,Gastrointestinal disorders,MILD,N,2026-01-31,2026-03-05,RECOVERED,POSSIBLY RELATED,DRUG INTERRUPTED
AE-0001302,SUBJ-002375,CT-104,S0029,Rash,Skin and subcutaneous tissue disorders,MODERATE,N,2025-11-04,2025-11-15,RECOVERED,POSSIBLY RELATED,NONE
AE-0001303,SUBJ-002375,CT-104,S0029,Headache,Nervous system disorders,mild,N,2025-12-14,2025-12-30,RECOVERED,RELATED,DRUG WITHDRAWN
AE-0001305,SUBJ-002377,CT-104,S0030,Rash,Skin and subcutaneous tissue disorders,Mild,N,2026-08-20,2026-08-27,RECOVERED,NOT RELATED,DRUG WITHDRAWN
AE-0001306,SUBJ-002379,CT-104,S0030,Nausea,Gastrointestinal disorders,1,N,2026-05-08,,RECOVERING,RELATED,DRUG WITHDRAWN
AE-0001307,SUBJ-002380,CT-104,S0032,Nausea,Gastrointestinal disorders,SEVERE,Y,2026-08-25,2026-08-27,RECOVERED,NOT RELATED,NONE
AE-0001308,SUBJ-002380,CT-104,S0032,Pneumonia,Infections and infestations,Mild,N,2026-08-19,,ONGOING,POSSIBLY RELATED,NONE
AE-0001309,SUBJ-002383,CT-104,S0030,Pyrexia,General disorders,Mild,N,2026-05-13,,ONGOING,POSSIBLY RELATED,DRUG WITHDRAWN
AE-0001310,SUBJ-002388,CT-104,S0028,Fatigue,General disorders,1,N,2025-11-04,,ONGOING,NOT RELATED,DRUG INTERRUPTED
AE-0001311,SUBJ-002388,CT-104,S0028,Headache,Nervous system disorders,Grade 1,N,2025-09-16,2025-10-23,RECOVERED,POSSIBLY RELATED,DOSE REDUCED
AE-0001312,SUBJ-002390,CT-104,S0033,Nausea,Gastrointestinal disorders,MODERATE,N,2026-07-02,2026-07-13,RECOVERED,RELATED,NONE
AE-0001313,SUBJ-002394,CT-104,S0032,Pneumonia,Infections and infestations,3,Y,2026-07-25,2026-08-02,RECOVERED,NOT RELATED,DOSE REDUCED
AE-0001316,SUBJ-002395,CT-104,S0033,Diarrhoea,Gastrointestinal disorders,Grade 2,N,2026-06-12,2026-06-29,RECOVERED,RELATED,DRUG WITHDRAWN
AE-0001317,SUBJ-002400,CT-104,S0027,Nausea,Gastrointestinal disorders,moderate,N,2026-06-26,2026-07-07,RECOVERED,NOT RELATED,NONE
AE-0001318,SUBJ-002400,CT-104,S0027,Vomiting,Gastrointestinal disorders,Mild,N,2026-05-30,2026-06-20,RECOVERED,NOT RELATED,NONE
AE-0001319,SUBJ-002400,CT-104,S0027,Fatigue,General disorders,1,N,2026-04-25,,RECOVERING,NOT RELATED,DRUG INTERRUPTED
AE-0001320,SUBJ-002404,CT-104,S0028,Fatigue,General disorders,severe,Y,2025-07-12,2025-08-07,RECOVERED,NOT RELATED,DOSE REDUCED
AE-0001321,SUBJ-002404,CT-104,S0028,Dizziness,Nervous system disorders,2,N,2025-12-07,2026-01-09,RECOVERED,POSSIBLY RELATED,DRUG INTERRUPTED
AE-0001322,SUBJ-002404,CT-104,S0028,Arthralgia,Musculoskeletal disorders,mild,N,2025-08-11,,RECOVERING,POSSIBLY RELATED,DOSE REDUCED
AE-0001323,SUBJ-002407,CT-104,S0027,Dizziness,Nervous system disorders,3,Y,2026-08-24,,RECOVERING,RELATED,DRUG INTERRUPTED
AE-0001325,SUBJ-002408,CT-104,S0029,Nausea,Gastrointestinal disorders,Mild,N,2025-09-29,,ONGOING,RELATED,DRUG INTERRUPTED
AE-0001326,SUBJ-002413,CT-104,S0027,Pyrexia,General disorders,moderate,N,2026-08-10,,ONGOING,RELATED,DRUG WITHDRAWN
AE-0001327,SUBJ-002413,CT-104,S0027,Headache,Nervous system disorders,Moderate,N,2026-08-23,,RECOVERING,POSSIBLY RELATED,DRUG WITHDRAWN
AE-0001328,SUBJ-002414,CT-104,S0030,Anaemia,Blood and lymphatic system disorders,Grade 1,N,2025-12-03,2026-01-09,RECOVERED,NOT RELATED,DRUG INTERRUPTED
AE-0001329,SUBJ-002415,CT-104,S0031,Diarrhoea,Gastrointestinal disorders,Grade 3,Y,2025-09-15,,ONGOING,POSSIBLY RELATED,DRUG WITHDRAWN
AE-0001330,SUBJ-002415,CT-104,S0031,Nausea,Gastrointestinal disorders,Mild,N,2026-02-18,,ONGOING,POSSIBLY RELATED,DRUG WITHDRAWN
AE-0001331,SUBJ-002416,CT-104,S0034,Rash,Skin and subcutaneous tissue disorders,Moderate,N,2025-10-25,2025-11-21,RECOVERED,NOT RELATED,DRUG WITHDRAWN
AE-0001332,SUBJ-002416,CT-104,S0034,Hypertension,Vascular disorders,2,N,2026-01-16,,ONGOING,RELATED,NONE
AE-0001333,SUBJ-002417,CT-104,S0030,Headache,Nervous system disorders,MILD,N,2026-05-08,2026-05-24,RECOVERED,RELATED,DRUG INTERRUPTED
AE-0001334,SUBJ-002417,CT-104,S0030,Headache,Nervous system disorders,1,N,2026-05-28,2026-06-26,RECOVERED,POSSIBLY RELATED,DOSE REDUCED
AE-0001335,SUBJ-002425,CT-104,S0035,Pyrexia,General disorders,mild,N,2026-01-23,,ONGOING,POSSIBLY RELATED,DOSE REDUCED
AE-0001336,SUBJ-002425,CT-104,S0035,Vomiting,Gastrointestinal disorders,SEVERE,N,2026-03-25,2026-04-09,RECOVERED,RELATED,DRUG WITHDRAWN
AE-0001337,SUBJ-002425,CT-104,S0035,Nausea,Gastrointestinal disorders,Moderate,N,2026-04-03,2026-04-12,RECOVERED,RELATED,DRUG WITHDRAWN
AE-0001338,SUBJ-002426,CT-104,S0034,Fatigue,General disorders,mild,N,2025-07-14,2025-08-23,RECOVERED,RELATED,DOSE REDUCED
AE-0001339,SUBJ-002429,CT-104,S0035,Diarrhoea,Gastrointestinal disorders,Mild,N,2026-02-12,2026-03-21,RECOVERED,POSSIBLY RELATED,NONE
AE-0001340,SUBJ-002429,CT-104,S0035,Vomiting,Gastrointestinal disorders,MILD,N,2026-04-19,2026-05-08,RECOVERED,POSSIBLY RELATED,DRUG INTERRUPTED
AE-0001341,SUBJ-002434,CT-104,S0034,Vomiting,Gastrointestinal disorders,MODERATE,N,2025-12-17,2026-01-16,RECOVERED,NOT RELATED,NONE
AE-0001342,SUBJ-002443,CT-104,S0027,Headache,Nervous system disorders,Grade 1,N,2026-08-03,2026-08-12,RECOVERED,POSSIBLY RELATED,DOSE REDUCED
AE-0001343,SUBJ-002445,CT-104,S0035,Nausea,Gastrointestinal disorders,Mild,N,2026-08-20,2026-09-01,RECOVERED,POSSIBLY RELATED,DOSE REDUCED
AE-0001344,SUBJ-002446,CT-104,S0027,Diarrhoea,Gastrointestinal disorders,MILD,N,2026-07-15,,RECOVERING,RELATED,DRUG INTERRUPTED
AE-0001345,SUBJ-002455,CT-104,S0029,Fatigue,General disorders,Severe,Y,2026-01-05,2026-02-07,RECOVERED,RELATED,NONE
AE-0001346,SUBJ-002455,CT-104,S0029,Nausea,Gastrointestinal disorders,Grade 1,N,2026-04-26,2026-05-26,RECOVERED,POSSIBLY RELATED,NONE
AE-0001347,SUBJ-002461,CT-104,S0034,Nausea,Gastrointestinal disorders,1,N,2026-01-10,,ONGOING,POSSIBLY RELATED,DRUG WITHDRAWN
AE-0001348,SUBJ-002461,CT-104,S0034,Alanine aminotransferase increased,Investigations,severe,N,2026-02-08,2026-03-12,RECOVERED,RELATED,DRUG WITHDRAWN
AE-0001349,SUBJ-002461,CT-104,S0034,Headache,Nervous system disorders,severe,Y,2025-10-06,2025-11-13,RECOVERED,RELATED,NONE
AE-0001351,SUBJ-002465,CT-104,S0034,Alanine aminotransferase increased,Investigations,severe,N,2026-05-23,2026-06-24,RECOVERED,RELATED,NONE
AE-0001352,SUBJ-002470,CT-104,S0034,Diarrhoea,Gastrointestinal disorders,Severe,Y,,2026-01-12,RECOVERED,NOT RELATED,DOSE REDUCED
AE-0001353,SUBJ-002470,CT-104,S0034,Rash,Skin and subcutaneous tissue disorders,mild,N,2025-10-06,2025-11-09,RECOVERED,NOT RELATED,DRUG WITHDRAWN
AE-0001354,SUBJ-002471,CT-104,S0031,Pyrexia,General disorders,MILD,N,2025-07-25,,ONGOING,POSSIBLY RELATED,DOSE REDUCED
AE-0001355,SUBJ-002473,CT-104,S0034,Dizziness,Nervous system disorders,1,N,2025-11-11,2025-12-11,RECOVERED,POSSIBLY RELATED,NONE
AE-0001356,SUBJ-002473,CT-104,S0034,Rash,Skin and subcutaneous tissue disorders,MILD,N,2025-07-08,2025-07-29,RECOVERED,POSSIBLY RELATED,DRUG INTERRUPTED
AE-0001357,SUBJ-002475,CT-104,S0036,Fatigue,General disorders,Moderate,N,2026-08-18,2026-08-20,RECOVERED,POSSIBLY RELATED,NONE
AE-0001358,SUBJ-002475,CT-104,S0036,Insomnia,Psychiatric disorders,Grade 1,N,2026-03-02,2026-03-04,RECOVERED,NOT RELATED,DRUG WITHDRAWN
AE-0001359,SUBJ-002475,CT-104,S0036,Pyrexia,General disorders,Grade 3,N,2026-08-08,2026-09-07,RECOVERED,NOT RELATED,NONE
AE-0001360,SUBJ-002477,CT-104,S0036,Fatigue,General disorders,1,N,2026-08-09,2026-09-04,RECOVERED,NOT RELATED,NONE
AE-0001361,SUBJ-002481,CT-104,S0031,Rash,Skin and subcutaneous tissue disorders,moderate,N,2026-05-02,,RECOVERING,RELATED,DRUG INTERRUPTED
AE-0001362,SUBJ-002481,CT-104,S0031,Fatigue,General disorders,Grade 2,N,2026-03-11,2026-03-26,RECOVERED,NOT RELATED,DRUG INTERRUPTED
AE-0001364,SUBJ-002482,CT-104,S0032,Anaemia,Blood and lymphatic system disorders,moderate,N,2026-05-06,,ONGOING,POSSIBLY RELATED,DRUG INTERRUPTED
AE-0001365,SUBJ-002484,CT-104,S0026,Dizziness,Nervous system disorders,Mild,N,2026-02-19,2026-03-11,RECOVERED,POSSIBLY RELATED,NONE
AE-0001366,SUBJ-002484,CT-104,S0026,Nausea,Gastrointestinal disorders,Grade 1,N,2026-02-01,2026-02-14,RECOVERED,RELATED,DRUG WITHDRAWN
AE-0001367,SUBJ-002485,CT-104,S0027,Vomiting,Gastrointestinal disorders,MILD,N,2026-05-09,,RECOVERING,POSSIBLY RELATED,DRUG INTERRUPTED
AE-0001368,SUBJ-002485,CT-104,S0027,Nausea,Gastrointestinal disorders,mild,N,2026-08-11,,ONGOING,POSSIBLY RELATED,DOSE REDUCED
AE-0001370,SUBJ-002490,CT-104,S0034,Pyrexia,General disorders,Mild,N,2026-04-29,2026-05-09,RECOVERED,NOT RELATED,DRUG INTERRUPTED
AE-0001371,SUBJ-002490,CT-104,S0034,Nausea,Gastrointestinal disorders,3,Y,2026-05-01,,RECOVERING,NOT RELATED,DRUG INTERRUPTED
AE-0001372,SUBJ-002490,CT-104,S0034,Dizziness,Nervous system disorders,Mild,N,2026-03-19,2026-05-01,RECOVERED,RELATED,DRUG WITHDRAWN
AE-0001373,SUBJ-002492,CT-104,S0028,Hypertension,Vascular disorders,severe,N,2026-07-29,2026-08-11,RECOVERED,NOT RELATED,DOSE REDUCED
AE-0001374,SUBJ-002492,CT-104,S0028,Alanine aminotransferase increased,Investigations,Mild,N,2026-04-03,2026-04-05,RECOVERED,RELATED,DRUG WITHDRAWN
AE-0001375,SUBJ-002492,CT-104,S0028,Headache,Nervous system disorders,2,N,2026-08-12,,RECOVERING,NOT RELATED,DRUG INTERRUPTED
AE-0001376,SUBJ-002494,CT-104,S0036,Nausea,Gastrointestinal disorders,mild,N,2026-06-05,2026-07-19,RECOVERED,NOT RELATED,NONE
AE-0001377,SUBJ-002495,CT-104,S0028,Rash,Skin and subcutaneous tissue disorders,MILD,N,2026-03-12,2026-04-23,RECOVERED,NOT RELATED,NONE
AE-0001378,SUBJ-002495,CT-104,S0028,Fatigue,General disorders,1,N,2026-01-06,2026-01-26,RECOVERED,RELATED,NONE
AE-0001379,SUBJ-002495,CT-104,S0028,Syncope,Nervous system disorders,Grade 1,N,2026-02-26,2026-03-10,RECOVERED,POSSIBLY RELATED,DRUG INTERRUPTED
AE-0001380,SUBJ-002501,CT-104,S0033,Dizziness,Nervous system disorders,Grade 1,N,2026-06-01,2026-07-04,RECOVERED,RELATED,NONE
AE-0001381,SUBJ-002501,CT-104,S0033,Nausea,Gastrointestinal disorders,1,N,2026-01-12,2026-01-18,RECOVERED,POSSIBLY RELATED,DOSE REDUCED
AE-0001382,SUBJ-002502,CT-104,S0027,Nausea,Gastrointestinal disorders,1,N,2025-10-13,2025-10-27,RECOVERED,RELATED,NONE
AE-0001383,SUBJ-002502,CT-104,S0027,Fatigue,General disorders,Grade 2,N,2025-10-25,,RECOVERING,POSSIBLY RELATED,DRUG INTERRUPTED
AE-0001384,SUBJ-002502,CT-104,S0027,Pyrexia,General disorders,Grade 1,N,2025-10-05,,ONGOING,RELATED,DRUG INTERRUPTED
AE-0001385,SUBJ-002504,CT-104,S0029,Insomnia,Psychiatric disorders,MILD,N,2026-08-08,2026-08-30,RECOVERED,NOT RELATED,NONE
AE-0001386,SUBJ-002504,CT-104,S0029,Pyrexia,General disorders,Grade 3,N,2026-08-21,2026-09-03,RECOVERED,NOT RELATED,NONE
AE-0001387,SUBJ-002508,CT-104,S0031,Syncope,Nervous system disorders,mild,N,2025-12-09,2025-12-25,RECOVERED,POSSIBLY RELATED,NONE
AE-0001388,SUBJ-002508,CT-104,S0031,Alanine aminotransferase increased,Investigations,2,N,2025-12-22,2026-01-04,RECOVERED,POSSIBLY RELATED,DRUG INTERRUPTED
AE-0001391,SUBJ-002517,CT-104,S0036,Headache,Nervous system disorders,SEVERE,N,2026-05-15,2026-05-22,RECOVERED,NOT RELATED,DOSE REDUCED
AE-0001392,SUBJ-002518,CT-104,S0035,Pyrexia,General disorders,mild,N,2026-04-02,2026-05-14,RECOVERED,NOT RELATED,DRUG WITHDRAWN
AE-0001393,SUBJ-002518,CT-104,S0035,Nausea,Gastrointestinal disorders,moderate,N,2025-11-10,2025-11-30,RECOVERED,POSSIBLY RELATED,DRUG INTERRUPTED
AE-0001394,SUBJ-002520,CT-104,S0029,Headache,Nervous system disorders,Mild,N,2026-04-20,2026-05-03,RECOVERED,NOT RELATED,DOSE REDUCED
AE-0001395,SUBJ-002525,CT-104,S0036,Fatigue,General disorders,MODERATE,N,2025-12-01,2026-01-06,RECOVERED,POSSIBLY RELATED,DOSE REDUCED
AE-0001396,SUBJ-002525,CT-104,S0036,Fatigue,General disorders,moderate,N,2025-10-28,,ONGOING,POSSIBLY RELATED,NONE
AE-0001397,SUBJ-002525,CT-104,S0036,Headache,Nervous system disorders,1,N,2026-03-29,2026-05-09,RECOVERED,RELATED,DRUG INTERRUPTED
AE-0001399,SUBJ-002544,CT-104,S0026,Neutropenia,Blood and lymphatic system disorders,mild,N,2026-03-15,2026-03-25,RECOVERED,RELATED,DOSE REDUCED
AE-0001400,SUBJ-002545,CT-104,S0025,Nausea,Gastrointestinal disorders,1,N,2026-04-29,2026-06-06,RECOVERED,POSSIBLY RELATED,NONE
AE-0001401,SUBJ-002545,CT-104,S0025,Hypertension,Vascular disorders,moderate,N,2026-04-30,2026-05-15,RECOVERED,POSSIBLY RELATED,NONE
AE-0001402,SUBJ-002545,CT-104,S0025,Pyrexia,General disorders,Grade 1,N,2026-02-11,,ONGOING,POSSIBLY RELATED,DRUG WITHDRAWN
AE-0001403,SUBJ-002549,CT-104,S0030,Diarrhoea,Gastrointestinal disorders,1,N,2026-03-30,,RECOVERING,NOT RELATED,DOSE REDUCED
AE-0001404,SUBJ-002549,CT-104,S0030,Fatigue,General disorders,3,Y,2026-04-12,2026-04-24,RECOVERED,RELATED,DRUG INTERRUPTED
AE-0001405,SUBJ-002550,CT-104,S0025,Rash,Skin and subcutaneous tissue disorders,Grade 1,N,2025-11-04,2025-12-15,RECOVERED,POSSIBLY RELATED,NONE
AE-0001406,SUBJ-002552,CT-104,S0029,Nausea,Gastrointestinal disorders,2,N,2026-05-07,2026-05-08,RECOVERED,NOT RELATED,DRUG INTERRUPTED
AE-0001407,SUBJ-002555,CT-104,S0031,Hypertension,Vascular disorders,moderate,N,2026-01-18,2026-02-05,RECOVERED,RELATED,DRUG INTERRUPTED
AE-0001408,SUBJ-002555,CT-104,S0031,Hypertension,Vascular disorders,1,N,2026-02-10,2026-03-27,RECOVERED,RELATED,DRUG INTERRUPTED
AE-0001409,SUBJ-002555,CT-104,S0031,Pneumonia,Infections and infestations,Grade 1,N,2026-01-28,2026-02-21,RECOVERED,RELATED,DRUG INTERRUPTED
AE-0001411,SUBJ-002560,CT-104,S0035,Headache,Nervous system disorders,SEVERE,N,2026-06-02,2026-06-03,RECOVERED,POSSIBLY RELATED,DRUG INTERRUPTED
AE-0001412,SUBJ-002562,CT-104,S0034,Alanine aminotransferase increased,Investigations,Mild,N,2025-12-23,2025-12-28,RECOVERED,RELATED,NONE
AE-0001414,SUBJ-002567,CT-104,S0034,Fatigue,General disorders,1,N,2026-08-11,,ONGOING,NOT RELATED,DRUG INTERRUPTED
AE-0001416,SUBJ-002575,CT-104,S0033,Dizziness,Nervous system disorders,mild,N,2025-08-19,,ONGOING,RELATED,DRUG WITHDRAWN
AE-0001417,SUBJ-002575,CT-104,S0033,Anaemia,Blood and lymphatic system disorders,MODERATE,N,2026-01-23,2026-02-16,RECOVERED,RELATED,DOSE REDUCED
AE-0001418,SUBJ-002580,CT-104,S0035,Headache,Nervous system disorders,moderate,N,2026-05-24,2026-07-08,RECOVERED,RELATED,DRUG INTERRUPTED
AE-0001419,SUBJ-002580,CT-104,S0035,Hypertension,Vascular disorders,Moderate,N,2026-01-31,,ONGOING,NOT RELATED,DRUG WITHDRAWN
AE-0001420,SUBJ-002580,CT-104,S0035,Diarrhoea,Gastrointestinal disorders,SEVERE,N,2026-03-24,2026-03-27,RECOVERED,POSSIBLY RELATED,DRUG INTERRUPTED
AE-0001421,SUBJ-002597,CT-104,S0028,Hypertension,Vascular disorders,MODERATE,YES,2026-03-11,2026-04-25,RECOVERED,NOT RELATED,NONE
AE-0001422,SUBJ-002597,CT-104,S0028,Headache,Nervous system disorders,Mild,N,2026-05-08,2026-06-05,RECOVERED,POSSIBLY RELATED,DRUG INTERRUPTED
AE-0001423,SUBJ-002597,CT-104,S0028,Headache,Nervous system disorders,MODERATE,N,,,RECOVERING,POSSIBLY RELATED,DRUG INTERRUPTED
AE-0001424,SUBJ-002598,CT-104,S0030,Fatigue,General disorders,mild,N,2026-03-13,2026-03-27,RECOVERED,RELATED,DOSE REDUCED
AE-0001425,SUBJ-002598,CT-104,S0030,Headache,Nervous system disorders,SEVERE,N,2026-06-11,2026-07-12,RECOVERED,POSSIBLY RELATED,DRUG INTERRUPTED
AE-0001426,SUBJ-002598,CT-104,S0030,Headache,Nervous system disorders,MODERATE,N,2026-07-02,2026-07-22,RECOVERED,NOT RELATED,DOSE REDUCED
AE-0001428,SUBJ-002612,CT-104,S0031,Headache,Nervous system disorders,Moderate,N,2026-07-10,2026-07-11,RECOVERED,POSSIBLY RELATED,DOSE REDUCED
AE-0001429,SUBJ-002613,CT-104,S0030,Vomiting,Gastrointestinal disorders,2,N,2025-12-26,2026-01-31,RECOVERED,RELATED,DRUG INTERRUPTED
AE-0001430,SUBJ-002613,CT-104,S0030,Fatigue,General disorders,1,N,2025-12-13,2025-12-28,RECOVERED,POSSIBLY RELATED,DRUG INTERRUPTED
AE-0001431,SUBJ-002613,CT-104,S0030,Vomiting,Gastrointestinal disorders,3,N,2025-09-12,,RECOVERING,RELATED,DOSE REDUCED
AE-0001432,SUBJ-002621,CT-104,S0027,Anaemia,Blood and lymphatic system disorders,mild,N,2026-06-16,,RECOVERING,POSSIBLY RELATED,DRUG WITHDRAWN
AE-0001433,SUBJ-002626,CT-104,S0025,Pneumonia,Infections and infestations,Grade 2,N,2025-08-07,2025-09-15,RECOVERED,POSSIBLY RELATED,DRUG INTERRUPTED
AE-0001434,SUBJ-002626,CT-104,S0025,Pyrexia,General disorders,Severe,Y,2025-08-24,2025-09-20,RECOVERED,RELATED,DRUG INTERRUPTED
AE-0001435,SUBJ-002626,CT-104,S0025,Neutropenia,Blood and lymphatic system disorders,Mild,N,2026-02-07,2026-03-06,RECOVERED,RELATED,DOSE REDUCED
AE-0001437,SUBJ-002627,CT-104,S0033,Diarrhoea,Gastrointestinal disorders,moderate,N,2026-08-09,,RECOVERING,RELATED,NONE
AE-0001438,SUBJ-002628,CT-104,S0033,Nausea,Gastrointestinal disorders,2,N,2026-02-21,2026-03-28,RECOVERED,NOT RELATED,DRUG INTERRUPTED
AE-0001439,SUBJ-002628,CT-104,S0033,Dizziness,Nervous system disorders,Mild,N,2025-10-11,2025-11-16,RECOVERED,NOT RELATED,DRUG WITHDRAWN
AE-0001440,SUBJ-002628,CT-104,S0033,Nausea,Gastrointestinal disorders,Grade 2,N,2025-09-18,,RECOVERING,NOT RELATED,DRUG INTERRUPTED
AE-0001441,SUBJ-002629,CT-104,S0026,Arthralgia,Musculoskeletal disorders,Moderate,N,2025-11-12,2025-12-19,RECOVERED,RELATED,DRUG WITHDRAWN
AE-0001442,SUBJ-002629,CT-104,S0026,Nausea,Gastrointestinal disorders,MODERATE,N,2025-08-12,,ONGOING,NOT RELATED,DRUG INTERRUPTED
AE-0001443,SUBJ-002629,CT-104,S0026,Headache,Nervous system disorders,moderate,N,2025-08-14,2025-09-02,RECOVERED,POSSIBLY RELATED,NONE
AE-0001444,SUBJ-002631,CT-104,S0028,Dizziness,Nervous system disorders,MODERATE,N,2026-08-03,2026-08-28,RECOVERED,NOT RELATED,DRUG WITHDRAWN
AE-0001445,SUBJ-002631,CT-104,S0028,Alanine aminotransferase increased,Investigations,severe,Y,2026-04-07,,RECOVERING,RELATED,DRUG INTERRUPTED
AE-0001446,SUBJ-002633,CT-104,S0028,Anaemia,Blood and lymphatic system disorders,Mild,N,2026-04-06,2026-05-21,RECOVERED,NOT RELATED,DOSE REDUCED
AE-0001447,SUBJ-002633,CT-104,S0028,Alanine aminotransferase increased,Investigations,severe,N,2026-01-02,,RECOVERING,RELATED,DRUG INTERRUPTED
AE-0001448,SUBJ-002637,CT-104,S0029,Dizziness,Nervous system disorders,mild,N,2026-04-25,2026-04-26,RECOVERED,POSSIBLY RELATED,DRUG INTERRUPTED
AE-0001449,SUBJ-002642,CT-104,S0029,Nausea,Gastrointestinal disorders,1,N,2026-01-31,2026-02-05,RECOVERED,RELATED,NONE
AE-0001450,SUBJ-002642,CT-104,S0029,Pneumonia,Infections and infestations,Severe,Y,2026-02-20,2026-03-29,RECOVERED,RELATED,DRUG WITHDRAWN
AE-0001451,SUBJ-002642,CT-104,S0029,Fatigue,General disorders,3,Y,2026-03-13,2026-03-29,RECOVERED,NOT RELATED,DRUG INTERRUPTED
AE-0001452,SUBJ-002645,CT-104,S0035,Alanine aminotransferase increased,Investigations,Grade 1,N,2025-12-24,2026-01-29,RECOVERED,POSSIBLY RELATED,DRUG WITHDRAWN
AE-0001453,SUBJ-002645,CT-104,S0035,Syncope,Nervous system disorders,Mild,N,2025-10-29,2025-11-12,RECOVERED,POSSIBLY RELATED,DRUG INTERRUPTED
AE-0001454,SUBJ-002646,CT-104,S0027,Diarrhoea,Gastrointestinal disorders,Grade 3,Y,2026-08-12,,RECOVERING,POSSIBLY RELATED,NONE
AE-0001455,SUBJ-002651,CT-104,S0026,Diarrhoea,Gastrointestinal disorders,Mild,N,2026-04-06,2026-05-01,RECOVERED,RELATED,DOSE REDUCED
AE-0001456,SUBJ-002651,CT-104,S0026,Rash,Skin and subcutaneous tissue disorders,Grade 1,N,2026-04-10,2026-05-11,RECOVERED,NOT RELATED,DOSE REDUCED
AE-0001459,SUBJ-002661,CT-104,S0033,Neutropenia,Blood and lymphatic system disorders,MILD,N,2025-09-03,2025-10-14,RECOVERED,NOT RELATED,NONE
AE-0001460,SUBJ-002661,CT-104,S0033,Pyrexia,General disorders,Mild,N,2026-01-26,,RECOVERING,POSSIBLY RELATED,DOSE REDUCED
AE-0001461,SUBJ-002665,CT-104,S0029,Fatigue,General disorders,MILD,N,2025-11-29,2026-01-03,RECOVERED,RELATED,DRUG WITHDRAWN
AE-0001462,SUBJ-002665,CT-104,S0029,Nausea,Gastrointestinal disorders,2,N,2026-05-25,,ONGOING,NOT RELATED,DRUG WITHDRAWN
AE-0001463,SUBJ-002665,CT-104,S0029,Dizziness,Nervous system disorders,Grade 1,N,2026-02-06,2026-03-17,RECOVERED,NOT RELATED,NONE
AE-0001464,SUBJ-002666,CT-104,S0030,Rash,Skin and subcutaneous tissue disorders,1,N,2025-12-12,2025-12-18,RECOVERED,POSSIBLY RELATED,DOSE REDUCED
AE-0001465,SUBJ-002666,CT-104,S0030,Anaemia,Blood and lymphatic system disorders,MILD,N,2026-02-03,,ONGOING,NOT RELATED,DRUG INTERRUPTED
AE-0001466,SUBJ-002666,CT-104,S0030,Alanine aminotransferase increased,Investigations,Grade 2,N,2025-10-28,2025-11-02,RECOVERED,POSSIBLY RELATED,DOSE REDUCED
AE-0001467,SUBJ-002670,CT-104,S0029,Rash,Skin and subcutaneous tissue disorders,Grade 1,N,2026-04-14,2026-05-11,RECOVERED,RELATED,NONE
AE-0001468,SUBJ-002672,CT-104,S0025,Headache,Nervous system disorders,SEVERE,Y,2025-11-27,,ONGOING,RELATED,DOSE REDUCED
AE-0001469,SUBJ-002684,CT-104,S0029,Nausea,Gastrointestinal disorders,1,N,2026-01-27,2026-02-12,RECOVERED,POSSIBLY RELATED,NONE
AE-0001470,SUBJ-002684,CT-104,S0029,Fatigue,General disorders,Grade 1,N,2025-07-16,,RECOVERING,RELATED,NONE
AE-0001471,,CT-104,S0029,Fatigue,General disorders,Grade 1,N,2025-08-21,2025-09-16,RECOVERED,NOT RELATED,DRUG WITHDRAWN
AE-0001472,SUBJ-002688,CT-104,S0031,Insomnia,Psychiatric disorders,2,N,2025-09-16,2025-10-29,RECOVERED,POSSIBLY RELATED,DOSE REDUCED
AE-0001473,SUBJ-002689,CT-104,S0031,Headache,Nervous system disorders,severe,Y,2026-07-30,,ONGOING,POSSIBLY RELATED,DRUG WITHDRAWN
AE-0001474,SUBJ-002692,CT-104,S0025,Dizziness,Nervous system disorders,3,Y,2026-02-17,2026-03-12,RECOVERED,RELATED,DOSE REDUCED
AE-0001475,SUBJ-002693,CT-104,S0034,Neutropenia,Blood and lymphatic system disorders,1,N,2026-01-10,2026-02-16,RECOVERED,POSSIBLY RELATED,DRUG INTERRUPTED
AE-0001476,SUBJ-002693,CT-104,S0034,Anaemia,Blood and lymphatic system disorders,Mild,N,2025-12-28,,ONGOING,RELATED,NONE
AE-0001477,SUBJ-002693,CT-104,S0034,Hypertension,Vascular disorders,severe,Y,2026-02-07,,RECOVERING,RELATED,DRUG INTERRUPTED
AE-0001478,SUBJ-002697,CT-104,S0036,Diarrhoea,Gastrointestinal disorders,Grade 2,N,2026-08-24,2026-08-30,RECOVERED,POSSIBLY RELATED,NONE
AE-0001479,SUBJ-002697,CT-104,S0036,Nausea,Gastrointestinal disorders,mild,N,2026-08-22,2026-09-02,RECOVERED,RELATED,NONE
AE-0001480,SUBJ-002704,CT-104,S0035,Dizziness,Nervous system disorders,mild,N,2026-06-03,2026-06-11,RECOVERED,POSSIBLY RELATED,DRUG INTERRUPTED
AE-0001481,SUBJ-002705,CT-104,S0025,Diarrhoea,Gastrointestinal disorders,severe,Y,2026-01-17,,RECOVERING,POSSIBLY RELATED,DRUG INTERRUPTED
AE-0001482,SUBJ-002705,CT-104,S0025,Fatigue,General disorders,SEVERE,Y,2026-05-25,,ONGOING,POSSIBLY RELATED,NONE
AE-0001483,SUBJ-002706,CT-104,S0036,Nausea,Gastrointestinal disorders,Grade 2,N,2026-07-04,2026-08-10,RECOVERED,RELATED,DRUG INTERRUPTED
AE-0001484,SUBJ-002706,CT-104,S0036,Diarrhoea,Gastrointestinal disorders,Grade 2,N,2026-03-14,2026-04-03,RECOVERED,POSSIBLY RELATED,DOSE REDUCED
AE-0001486,SUBJ-002711,CT-105,S0039,Nausea,Gastrointestinal disorders,Severe,Y,2026-08-11,,RECOVERING,RELATED,DOSE REDUCED
AE-0001487,SUBJ-002714,CT-105,S0039,Neutropenia,Blood and lymphatic system disorders,Moderate,N,2026-08-08,,RECOVERING,NOT RELATED,DOSE REDUCED
AE-0001490,SUBJ-002717,CT-105,S0037,Rash,Skin and subcutaneous tissue disorders,2,N,2026-07-18,2026-07-25,RECOVERED,NOT RELATED,DOSE REDUCED
AE-0001491,SUBJ-002717,CT-105,S0037,Headache,Nervous system disorders,MILD,N,2026-08-23,2026-08-26,RECOVERED,NOT RELATED,DOSE REDUCED
AE-0001493,SUBJ-002720,CT-105,S0039,Nausea,Gastrointestinal disorders,Grade 1,N,2026-06-15,2026-07-19,RECOVERED,RELATED,NONE
AE-0001495,SUBJ-002720,CT-105,S0039,Anaemia,Blood and lymphatic system disorders,MILD,N,2026-06-20,2026-07-05,RECOVERED,RELATED,DRUG WITHDRAWN
AE-0001496,SUBJ-002721,CT-105,S0038,Pyrexia,General disorders,Grade 1,N,2026-08-19,2026-08-27,RECOVERED,RELATED,DOSE REDUCED
AE-0001497,SUBJ-002721,CT-105,S0038,Rash,Skin and subcutaneous tissue disorders,MILD,N,2026-08-09,,RECOVERING,NOT RELATED,DRUG WITHDRAWN
AE-0001498,SUBJ-002731,CT-105,S0039,Diarrhoea,Gastrointestinal disorders,Grade 2,N,2026-08-12,2026-08-14,RECOVERED,NOT RELATED,DRUG INTERRUPTED
AE-0001501,SUBJ-002745,CT-105,S0037,Dizziness,Nervous system disorders,2,N,2026-06-21,2026-08-03,RECOVERED,RELATED,NONE
AE-0001503,SUBJ-002751,CT-105,S0038,Nausea,Gastrointestinal disorders,3,Y,2026-05-28,2026-06-01,RECOVERED,RELATED,DRUG WITHDRAWN
AE-0001504,SUBJ-002753,CT-105,S0037,Headache,Nervous system disorders,1,N,2026-03-27,2026-05-09,RECOVERED,NOT RELATED,DRUG INTERRUPTED
AE-0001505,SUBJ-002753,CT-105,S0037,Nausea,Gastrointestinal disorders,Severe,Y,2026-04-18,2026-05-29,RECOVERED,NOT RELATED,DRUG WITHDRAWN
AE-0001508,SUBJ-002754,CT-105,S0037,Headache,Nervous system disorders,Mild,N,2026-08-12,2026-08-21,RECOVERED,NOT RELATED,DRUG WITHDRAWN
AE-0001511,SUBJ-002757,CT-105,S0038,Headache,Nervous system disorders,severe,N,2026-07-24,2026-08-09,RECOVERED,RELATED,DRUG INTERRUPTED
AE-0001512,SUBJ-002760,CT-105,S0039,Diarrhoea,Gastrointestinal disorders,MILD,N,2026-07-29,,RECOVERING,NOT RELATED,DRUG INTERRUPTED
AE-0001514,SUBJ-002760,CT-105,S0039,Rash,Skin and subcutaneous tissue disorders,Moderate,N,2026-08-15,,RECOVERING,NOT RELATED,DRUG INTERRUPTED
AE-0001515,SUBJ-002771,CT-105,S0038,Headache,Nervous system disorders,Grade 1,N,2026-07-30,,ONGOING,POSSIBLY RELATED,DRUG INTERRUPTED
AE-0001516,SUBJ-002771,CT-105,S0038,Fatigue,General disorders,mild,N,2026-07-18,2026-08-11,RECOVERED,POSSIBLY RELATED,DRUG INTERRUPTED
AE-0001520,SUBJ-002773,CT-105,S0038,Nausea,Gastrointestinal disorders,MODERATE,N,2026-07-21,,RECOVERING,POSSIBLY RELATED,NONE
AE-0001522,SUBJ-002775,CT-105,S0037,Neutropenia,Blood and lymphatic system disorders,MILD,N,2026-08-16,2026-08-19,RECOVERED,RELATED,DRUG WITHDRAWN
AE-0001523,SUBJ-002775,CT-105,S0037,Fatigue,General disorders,mild,N,2026-08-24,,ONGOING,POSSIBLY RELATED,DRUG INTERRUPTED
AE-0001524,SUBJ-002778,CT-105,S0037,Nausea,Gastrointestinal disorders,MODERATE,N,2026-05-29,2026-06-26,RECOVERED,RELATED,DRUG INTERRUPTED
AE-0001525,SUBJ-002778,CT-105,S0037,Fatigue,General disorders,1,N,2026-04-24,,ONGOING,POSSIBLY RELATED,DOSE REDUCED
AE-0001526,SUBJ-002778,CT-105,S0037,Alanine aminotransferase increased,Investigations,Grade 1,N,2026-07-24,,ONGOING,POSSIBLY RELATED,DOSE REDUCED
AE-0001527,SUBJ-002779,CT-105,S0038,Headache,Nervous system disorders,Mild,N,2026-06-24,2026-07-21,RECOVERED,NOT RELATED,DRUG INTERRUPTED
AE-0001528,SUBJ-002779,CT-105,S0038,Rash,Skin and subcutaneous tissue disorders,2,N,2026-08-15,,ONGOING,RELATED,DRUG INTERRUPTED
AE-0001530,SUBJ-002787,CT-105,S0038,Rash,Skin and subcutaneous tissue disorders,Grade 1,N,2026-08-21,2026-08-25,RECOVERED,NOT RELATED,DRUG INTERRUPTED
AE-0001532,SUBJ-002789,CT-105,S0039,Alanine aminotransferase increased,Investigations,severe,N,2026-08-21,,RECOVERING,POSSIBLY RELATED,DRUG INTERRUPTED
AE-0001533,SUBJ-002792,CT-105,S0038,Syncope,Nervous system disorders,moderate,N,2026-08-08,,RECOVERING,NOT RELATED,DRUG INTERRUPTED
AE-0001534,SUBJ-002792,CT-105,S0038,Anaemia,Blood and lymphatic system disorders,Grade 3,N,2026-08-15,,ONGOING,POSSIBLY RELATED,DRUG WITHDRAWN
AE-0001535,SUBJ-002792,CT-105,S0038,Arthralgia,Musculoskeletal disorders,MILD,N,2026-07-21,2026-09-03,RECOVERED,NOT RELATED,NONE
AE-0001539,,CT-105,S0039,Nausea,Gastrointestinal disorders,mild,N,2026-07-09,2026-08-10,RECOVERED,RELATED,NONE
AE-0001540,SUBJ-002798,CT-105,S0039,Fatigue,General disorders,MILD,N,2026-07-27,,RECOVERING,NOT RELATED,DRUG INTERRUPTED
AE-0001543,SUBJ-002800,CT-105,S0038,Anaemia,Blood and lymphatic system disorders,MILD,N,2026-06-02,2026-06-13,RECOVERED,RELATED,DRUG INTERRUPTED
AE-0001544,SUBJ-002801,CT-105,S0037,Syncope,Nervous system disorders,MILD,N,2026-08-05,,ONGOING,NOT RELATED,DOSE REDUCED
AE-0001545,SUBJ-002801,CT-105,S0037,Neutropenia,Blood and lymphatic system disorders,Grade 1,N,2026-05-11,2026-06-03,RECOVERED,RELATED,NONE
AE-0001546,SUBJ-002801,CT-105,S0037,Vomiting,Gastrointestinal disorders,Grade 2,N,2026-08-01,2026-09-01,RECOVERED,NOT RELATED,DOSE REDUCED
AE-0001547,SUBJ-002803,CT-105,S0039,Fatigue,General disorders,Mild,N,2026-08-24,,ONGOING,POSSIBLY RELATED,DOSE REDUCED
AE-0001548,SUBJ-002803,CT-105,S0039,Insomnia,Psychiatric disorders,Mild,N,2026-08-17,,ONGOING,NOT RELATED,DRUG INTERRUPTED
AE-0001550,SUBJ-002815,CT-105,S0039,Alanine aminotransferase increased,Investigations,MILD,N,2026-08-20,,RECOVERING,POSSIBLY RELATED,DRUG INTERRUPTED
AE-0001551,SUBJ-002815,CT-105,S0039,Fatigue,General disorders,moderate,N,2026-08-08,2026-09-04,RECOVERED,RELATED,DOSE REDUCED
AE-0001554,SUBJ-002822,CT-105,S0039,Fatigue,General disorders,2,N,2026-08-15,2026-08-27,RECOVERED,RELATED,DRUG WITHDRAWN
AE-0001557,SUBJ-002825,CT-105,S0039,Fatigue,General disorders,Mild,N,2026-06-08,2026-06-25,RECOVERED,NOT RELATED,NONE
AE-0001560,SUBJ-002834,CT-106,S0042,Arthralgia,Musculoskeletal disorders,Grade 1,N,2026-02-17,,RECOVERING,NOT RELATED,DRUG INTERRUPTED
AE-0001561,SUBJ-002834,CT-106,S0042,Arthralgia,Musculoskeletal disorders,mild,N,2026-04-29,2026-05-02,RECOVERED,RELATED,DRUG INTERRUPTED
AE-0001562,SUBJ-002834,CT-106,S0042,Nausea,Gastrointestinal disorders,Grade 2,N,2026-02-16,2026-02-22,RECOVERED,NOT RELATED,DRUG WITHDRAWN
AE-0001563,SUBJ-002836,CT-106,S0043,Alanine aminotransferase increased,Investigations,Moderate,N,2026-06-23,2026-07-02,RECOVERED,POSSIBLY RELATED,DRUG WITHDRAWN
AE-0001564,SUBJ-002839,CT-106,S0040,Nausea,Gastrointestinal disorders,MILD,N,2026-08-23,,RECOVERING,POSSIBLY RELATED,DOSE REDUCED
AE-0001565,SUBJ-002839,CT-106,S0040,Nausea,Gastrointestinal disorders,Mild,N,2026-08-16,,RECOVERING,POSSIBLY RELATED,DOSE REDUCED
AE-0001567,SUBJ-002841,CT-106,S0040,Nausea,Gastrointestinal disorders,moderate,N,2026-06-02,2026-06-03,RECOVERED,RELATED,DRUG INTERRUPTED
AE-0001568,SUBJ-002844,CT-106,S0041,Rash,Skin and subcutaneous tissue disorders,Severe,N,2026-03-11,2026-03-30,RECOVERED,POSSIBLY RELATED,NONE
AE-0001569,SUBJ-002844,CT-106,S0041,Rash,Skin and subcutaneous tissue disorders,moderate,N,2026-01-24,2026-02-05,RECOVERED,RELATED,DOSE REDUCED
AE-0001570,SUBJ-002846,CT-106,S0045,Syncope,Nervous system disorders,mild,N,2026-04-23,,ONGOING,POSSIBLY RELATED,DRUG INTERRUPTED
AE-0001571,SUBJ-002846,CT-106,S0045,Dizziness,Nervous system disorders,Mild,N,2026-03-06,,RECOVERING,POSSIBLY RELATED,DRUG INTERRUPTED
AE-0001572,SUBJ-002846,CT-106,S0045,Alanine aminotransferase increased,Investigations,1,N,2026-07-01,,ONGOING,POSSIBLY RELATED,DRUG WITHDRAWN
AE-0001573,SUBJ-002849,CT-106,S0040,Diarrhoea,Gastrointestinal disorders,Moderate,N,2026-03-19,,RECOVERING,RELATED,DRUG INTERRUPTED
AE-0001575,SUBJ-002851,CT-106,S0043,Dizziness,Nervous system disorders,2,N,2026-08-16,,ONGOING,RELATED,NONE
AE-0001576,SUBJ-002851,CT-106,S0043,Dizziness,Nervous system disorders,mild,N,2026-08-18,2026-09-07,RECOVERED,RELATED,DRUG WITHDRAWN
AE-0001577,SUBJ-002853,CT-106,S0040,Vomiting,Gastrointestinal disorders,Moderate,N,2026-04-17,2026-04-22,RECOVERED,RELATED,DRUG WITHDRAWN
AE-0001578,SUBJ-002853,CT-106,S0040,Neutropenia,Blood and lymphatic system disorders,,N,2026-06-12,2026-07-21,RECOVERED,RELATED,DOSE REDUCED
AE-0001579,SUBJ-002855,CT-106,S0040,Neutropenia,Blood and lymphatic system disorders,Mild,N,,2026-07-05,RECOVERED,POSSIBLY RELATED,NONE
AE-0001580,SUBJ-002855,CT-106,S0040,Syncope,Nervous system disorders,mild,N,2026-04-10,2026-05-17,RECOVERED,RELATED,DOSE REDUCED
AE-0001581,SUBJ-002856,CT-106,S0045,Headache,Nervous system disorders,mild,N,2026-01-05,2026-02-14,RECOVERED,RELATED,DRUG INTERRUPTED
AE-0001582,SUBJ-002869,CT-106,S0043,Fatigue,General disorders,2,N,2026-08-09,2026-09-06,RECOVERED,POSSIBLY RELATED,DRUG INTERRUPTED
AE-0001583,SUBJ-002869,CT-106,S0043,Alanine aminotransferase increased,Investigations,Moderate,N,2026-08-22,,RECOVERING,RELATED,DOSE REDUCED
AE-0001584,SUBJ-002873,CT-106,S0045,Rash,Skin and subcutaneous tissue disorders,1,N,2026-02-28,2026-03-16,RECOVERED,RELATED,DRUG WITHDRAWN
AE-0001585,SUBJ-002873,CT-106,S0045,Vomiting,Gastrointestinal disorders,1,N,2026-01-23,2026-02-24,RECOVERED,RELATED,DOSE REDUCED
AE-0001586,SUBJ-002876,CT-106,S0041,Neutropenia,Blood and lymphatic system disorders,Severe,Y,2026-03-14,2026-03-16,RECOVERED,RELATED,DRUG INTERRUPTED
AE-0001587,SUBJ-002876,CT-106,S0041,Rash,Skin and subcutaneous tissue disorders,Grade 1,N,2025-11-30,,ONGOING,RELATED,DRUG INTERRUPTED
AE-0001588,SUBJ-002877,CT-106,S0044,Dizziness,Nervous system disorders,Grade 2,N,2026-03-07,2026-03-28,RECOVERED,NOT RELATED,DOSE REDUCED
AE-0001589,SUBJ-002879,CT-106,S0043,Nausea,Gastrointestinal disorders,Severe,Y,2026-02-04,2026-03-19,RECOVERED,RELATED,DOSE REDUCED
AE-0001590,SUBJ-002879,CT-106,S0043,Nausea,Gastrointestinal disorders,mild,N,2026-03-02,,RECOVERING,POSSIBLY RELATED,DRUG WITHDRAWN
AE-0001591,SUBJ-002879,CT-106,S0043,Dizziness,Nervous system disorders,Mild,N,2026-01-04,2026-02-11,RECOVERED,RELATED,NONE
AE-0001592,SUBJ-002883,CT-106,S0045,Nausea,Gastrointestinal disorders,Grade 2,N,2026-06-07,2026-07-16,RECOVERED,POSSIBLY RELATED,NONE
AE-0001593,SUBJ-002883,CT-106,S0045,Neutropenia,Blood and lymphatic system disorders,3,N,2026-02-03,2026-02-16,RECOVERED,RELATED,DOSE REDUCED
AE-0001594,SUBJ-002883,CT-106,S0045,Nausea,Gastrointestinal disorders,MILD,N,2026-08-17,2026-08-19,RECOVERED,NOT RELATED,DRUG WITHDRAWN
AE-0001595,SUBJ-002892,CT-106,S0041,Vomiting,Gastrointestinal disorders,Mild,N,2026-08-16,,ONGOING,NOT RELATED,DRUG WITHDRAWN
AE-0001596,SUBJ-002894,CT-106,S0044,Anaemia,Blood and lymphatic system disorders,1,N,2026-08-13,2026-08-15,RECOVERED,POSSIBLY RELATED,DRUG WITHDRAWN
AE-0001600,SUBJ-002903,CT-106,S0045,Syncope,Nervous system disorders,Grade 2,N,2026-02-10,,ONGOING,POSSIBLY RELATED,DRUG INTERRUPTED
AE-0001601,SUBJ-002903,CT-106,S0045,Anaemia,Blood and lymphatic system disorders,Grade 1,N,2025-12-14,2026-01-13,RECOVERED,RELATED,DOSE REDUCED
AE-0001602,SUBJ-002906,CT-106,S0040,Dizziness,Nervous system disorders,1,N,2026-06-14,2026-07-07,RECOVERED,NOT RELATED,DRUG WITHDRAWN
AE-0001603,SUBJ-002906,CT-106,S0040,Headache,Nervous system disorders,1,N,2026-08-15,2026-09-01,RECOVERED,POSSIBLY RELATED,NONE
AE-0001604,SUBJ-002911,CT-106,S0040,Nausea,Gastrointestinal disorders,Mild,N,2026-04-11,2026-05-08,RECOVERED,RELATED,DRUG INTERRUPTED
AE-0001605,SUBJ-002911,CT-106,S0040,Rash,Skin and subcutaneous tissue disorders,Grade 3,Y,2026-05-27,2026-06-28,RECOVERED,RELATED,DRUG WITHDRAWN
AE-0001606,SUBJ-002911,CT-106,S0040,Arthralgia,Musculoskeletal disorders,Grade 2,N,2026-06-29,2026-07-23,RECOVERED,POSSIBLY RELATED,NONE
AE-0001607,SUBJ-002912,CT-106,S0044,Alanine aminotransferase increased,Investigations,MODERATE,N,2026-06-25,2026-07-21,RECOVERED,NOT RELATED,DOSE REDUCED
AE-0001608,SUBJ-002912,CT-106,S0044,Rash,Skin and subcutaneous tissue disorders,2,N,2026-07-04,2026-07-24,RECOVERED,NOT RELATED,NONE
AE-0001609,SUBJ-002912,CT-106,S0044,Vomiting,Gastrointestinal disorders,Grade 2,N,2026-03-20,2026-04-06,RECOVERED,NOT RELATED,DRUG INTERRUPTED
AE-0001610,SUBJ-002913,CT-106,S0040,Arthralgia,Musculoskeletal disorders,Grade 2,N,2026-07-31,,RECOVERING,RELATED,NONE
AE-0001611,SUBJ-002918,CT-106,S0040,Headache,Nervous system disorders,moderate,N,2026-07-04,2026-07-08,RECOVERED,NOT RELATED,DRUG WITHDRAWN
AE-0001612,SUBJ-002918,CT-106,S0040,Headache,Nervous system disorders,Grade 1,N,2026-08-16,2026-09-03,RECOVERED,NOT RELATED,DRUG INTERRUPTED
AE-0001613,SUBJ-002919,CT-106,S0045,Diarrhoea,Gastrointestinal disorders,Moderate,N,2026-05-01,2026-05-28,RECOVERED,RELATED,DRUG INTERRUPTED
AE-0001614,SUBJ-002919,CT-106,S0045,Fatigue,General disorders,mild,N,2026-01-23,,RECOVERING,NOT RELATED,DOSE REDUCED
AE-0001615,SUBJ-002920,CT-106,S0043,Nausea,Gastrointestinal disorders,mild,N,2026-08-18,,RECOVERING,NOT RELATED,DRUG INTERRUPTED
AE-0001616,SUBJ-002920,CT-106,S0043,Insomnia,Psychiatric disorders,MODERATE,N,2026-05-05,,ONGOING,NOT RELATED,NONE
AE-0001617,SUBJ-002921,CT-106,S0043,Vomiting,Gastrointestinal disorders,MILD,N,2026-08-12,2026-09-02,RECOVERED,RELATED,DRUG INTERRUPTED
AE-0001618,SUBJ-002923,CT-106,S0044,Headache,Nervous system disorders,MODERATE,N,2026-04-18,2026-05-15,RECOVERED,RELATED,DRUG WITHDRAWN
AE-0001619,SUBJ-002923,CT-106,S0044,Alanine aminotransferase increased,Investigations,MILD,N,2026-02-14,2026-03-31,RECOVERED,RELATED,NONE
AE-0001620,SUBJ-002930,CT-106,S0041,Headache,Nervous system disorders,Severe,Y,2026-05-24,2026-06-15,RECOVERED,NOT RELATED,DOSE REDUCED
AE-0001621,SUBJ-002930,CT-106,S0041,Rash,Skin and subcutaneous tissue disorders,Moderate,N,2026-02-22,2026-03-17,RECOVERED,RELATED,NONE
AE-0001622,SUBJ-002933,CT-106,S0043,Syncope,Nervous system disorders,Severe,N,2026-08-21,,ONGOING,POSSIBLY RELATED,DOSE REDUCED
AE-0001623,SUBJ-002933,CT-106,S0043,Rash,Skin and subcutaneous tissue disorders,1,N,2026-08-18,,RECOVERING,NOT RELATED,DRUG WITHDRAWN
AE-0001625,SUBJ-002934,CT-106,S0041,Anaemia,Blood and lymphatic system disorders,mild,N,2026-07-29,2026-08-22,RECOVERED,RELATED,DRUG WITHDRAWN
AE-0001626,SUBJ-002934,CT-106,S0041,Headache,Nervous system disorders,mild,N,,2026-07-06,RECOVERED,POSSIBLY RELATED,DRUG WITHDRAWN
AE-0001628,SUBJ-002939,CT-106,S0041,Pneumonia,Infections and infestations,MILD,N,2026-07-16,2026-08-11,RECOVERED,POSSIBLY RELATED,DOSE REDUCED
AE-0001629,SUBJ-002939,CT-106,S0041,Dizziness,Nervous system disorders,Grade 1,N,2026-02-01,2026-03-15,RECOVERED,NOT RELATED,NONE
AE-0001630,SUBJ-002941,CT-106,S0045,Fatigue,General disorders,MILD,N,2026-05-05,2026-05-27,RECOVERED,RELATED,DOSE REDUCED
AE-0001631,SUBJ-002941,CT-106,S0045,Dizziness,Nervous system disorders,Grade 1,N,2026-05-20,2026-06-28,RECOVERED,RELATED,DRUG INTERRUPTED
AE-0001632,SUBJ-002947,CT-106,S0043,Anaemia,Blood and lymphatic system disorders,MILD,N,2026-08-17,2026-08-23,RECOVERED,RELATED,DRUG WITHDRAWN
AE-0001636,SUBJ-002948,CT-106,S0041,Nausea,Gastrointestinal disorders,Grade 1,N,2026-06-18,2026-07-04,RECOVERED,RELATED,DOSE REDUCED
AE-0001637,SUBJ-002948,CT-106,S0041,Headache,Nervous system disorders,mild,N,2026-08-22,,RECOVERING,NOT RELATED,DRUG INTERRUPTED
AE-0001638,SUBJ-002949,CT-106,S0040,Rash,Skin and subcutaneous tissue disorders,mild,N,2026-08-16,,RECOVERING,POSSIBLY RELATED,DRUG INTERRUPTED
AE-0001639,SUBJ-002949,CT-106,S0040,Fatigue,General disorders,Moderate,N,2026-08-21,,ONGOING,NOT RELATED,DRUG INTERRUPTED
AE-0001640,SUBJ-002949,CT-106,S0040,Dizziness,Nervous system disorders,moderate,N,2026-08-02,2026-08-17,RECOVERED,POSSIBLY RELATED,DRUG INTERRUPTED
AE-0001641,SUBJ-002961,CT-106,S0044,Vomiting,Gastrointestinal disorders,Grade 2,N,2026-08-18,,ONGOING,RELATED,DRUG INTERRUPTED
AE-0001643,SUBJ-002964,CT-106,S0040,Headache,Nervous system disorders,Mild,N,2026-05-16,,ONGOING,NOT RELATED,NONE
AE-0001646,SUBJ-002968,CT-106,S0040,Rash,Skin and subcutaneous tissue disorders,severe,Y,2026-02-25,,ONGOING,RELATED,DRUG INTERRUPTED
AE-0001649,SUBJ-002975,CT-106,S0042,Headache,Nervous system disorders,moderate,N,2026-07-02,2026-07-06,RECOVERED,RELATED,DRUG INTERRUPTED
AE-0001650,SUBJ-002975,CT-106,S0042,Syncope,Nervous system disorders,Grade 1,N,2026-06-09,2026-06-20,RECOVERED,NOT RELATED,DRUG INTERRUPTED
AE-0001652,SUBJ-002979,CT-106,S0042,Neutropenia,Blood and lymphatic system disorders,MILD,N,2026-08-21,2026-09-06,RECOVERED,RELATED,DOSE REDUCED
AE-0001656,SUBJ-002987,CT-106,S0044,Neutropenia,Blood and lymphatic system disorders,mild,N,2026-08-19,2026-09-04,RECOVERED,RELATED,DRUG INTERRUPTED
AE-0001658,SUBJ-002994,CT-106,S0041,Rash,Skin and subcutaneous tissue disorders,Mild,N,2026-04-09,,RECOVERING,RELATED,DOSE REDUCED
AE-0001659,SUBJ-002994,CT-106,S0041,Rash,Skin and subcutaneous tissue disorders,1,N,2026-01-04,,ONGOING,POSSIBLY RELATED,NONE
AE-0001660,SUBJ-003002,CT-106,S0044,Dizziness,Nervous system disorders,Moderate,N,2026-04-05,,RECOVERING,NOT RELATED,DRUG INTERRUPTED
AE-0001661,SUBJ-003002,CT-106,S0044,Diarrhoea,Gastrointestinal disorders,Mild,N,2026-06-17,,ONGOING,NOT RELATED,NONE
AE-0001662,SUBJ-003002,CT-106,S0044,Dizziness,Nervous system disorders,Grade 2,N,2026-05-24,2026-06-23,RECOVERED,POSSIBLY RELATED,NONE
AE-0001664,SUBJ-003006,CT-106,S0042,Pyrexia,General disorders,Grade 1,N,2026-08-18,,ONGOING,POSSIBLY RELATED,DRUG INTERRUPTED
AE-0001665,SUBJ-003013,CT-106,S0043,Arthralgia,Musculoskeletal disorders,Moderate,N,2026-02-07,2026-02-18,RECOVERED,RELATED,NONE
AE-0001666,SUBJ-003013,CT-106,S0043,Diarrhoea,Gastrointestinal disorders,1,N,2026-02-17,2026-03-16,RECOVERED,RELATED,DRUG INTERRUPTED
AE-0001667,SUBJ-003019,CT-106,S0041,Hypertension,Vascular disorders,MODERATE,N,2026-04-23,2026-05-29,RECOVERED,NOT RELATED,DRUG WITHDRAWN
AE-0001668,SUBJ-003019,CT-106,S0041,Anaemia,Blood and lymphatic system disorders,Mild,N,2026-04-22,2026-06-04,RECOVERED,NOT RELATED,DRUG WITHDRAWN
AE-0001669,SUBJ-003020,CT-106,S0041,Dizziness,Nervous system disorders,Moderate,N,2026-08-18,2026-09-03,RECOVERED,POSSIBLY RELATED,DRUG WITHDRAWN
AE-0001670,SUBJ-003020,CT-106,S0041,Pneumonia,Infections and infestations,1,N,2026-08-18,,RECOVERING,NOT RELATED,DOSE REDUCED
AE-0001671,SUBJ-003023,CT-106,S0044,Diarrhoea,Gastrointestinal disorders,MILD,N,2026-04-26,2026-05-06,RECOVERED,RELATED,DRUG INTERRUPTED
AE-0001672,,CT-106,S0042,Arthralgia,Musculoskeletal disorders,Grade 1,N,2026-06-09,,RECOVERING,NOT RELATED,DRUG INTERRUPTED
AE-0001673,SUBJ-003027,CT-106,S0042,Pyrexia,General disorders,MODERATE,N,2026-03-16,,ONGOING,RELATED,NONE
AE-0001674,SUBJ-003029,CT-106,S0044,Diarrhoea,Gastrointestinal disorders,moderate,N,2026-08-10,,ONGOING,NOT RELATED,DOSE REDUCED
AE-0001675,SUBJ-003029,CT-106,S0044,Headache,Nervous system disorders,1,N,2026-08-22,,ONGOING,POSSIBLY RELATED,DRUG INTERRUPTED
AE-0001677,SUBJ-003030,CT-106,S0045,Anaemia,Blood and lymphatic system disorders,2,N,2026-06-17,2026-06-22,RECOVERED,NOT RELATED,NONE
AE-0001678,SUBJ-003030,CT-106,S0045,Headache,Nervous system disorders,MILD,N,2026-05-30,,RECOVERING,RELATED,DOSE REDUCED
AE-0001679,SUBJ-003030,CT-106,S0045,Hypertension,Vascular disorders,Moderate,N,2026-06-27,,ONGOING,RELATED,DRUG INTERRUPTED
AE-0001680,SUBJ-003031,CT-106,S0042,Fatigue,General disorders,Mild,N,2026-04-23,2026-05-18,RECOVERED,NOT RELATED,DOSE REDUCED
AE-0001681,SUBJ-003031,CT-106,S0042,Nausea,Gastrointestinal disorders,MODERATE,N,2026-02-14,2026-02-15,RECOVERED,POSSIBLY RELATED,NONE
AE-0001682,SUBJ-003031,CT-106,S0042,Headache,Nervous system disorders,MILD,N,2026-04-04,2026-05-04,RECOVERED,NOT RELATED,DOSE REDUCED
AE-0001683,SUBJ-003048,CT-106,S0043,Arthralgia,Musculoskeletal disorders,1,N,2026-06-20,,ONGOING,NOT RELATED,DRUG INTERRUPTED
AE-0001684,SUBJ-003048,CT-106,S0043,Pyrexia,General disorders,1,N,2026-04-14,2026-05-04,RECOVERED,NOT RELATED,DRUG WITHDRAWN
AE-0001685,SUBJ-003048,CT-106,S0043,Headache,Nervous system disorders,MILD,N,2026-07-25,2026-08-25,RECOVERED,POSSIBLY RELATED,DOSE REDUCED
AE-0001686,SUBJ-003050,CT-106,S0042,Vomiting,Gastrointestinal disorders,MILD,N,2026-04-27,2026-06-01,RECOVERED,POSSIBLY RELATED,DRUG INTERRUPTED
AE-0001687,SUBJ-003052,CT-106,S0045,Dizziness,Nervous system disorders,1,N,2026-05-20,,RECOVERING,POSSIBLY RELATED,DRUG WITHDRAWN
AE-0001688,,CT-106,S0040,Neutropenia,Blood and lymphatic system disorders,MODERATE,N,2026-05-13,,RECOVERING,POSSIBLY RELATED,NONE
AE-0001689,SUBJ-003064,CT-106,S0040,Dizziness,Nervous system disorders,Mild,N,2026-08-24,,ONGOING,POSSIBLY RELATED,NONE
AE-0001691,SUBJ-003069,CT-106,S0044,Fatigue,General disorders,MODERATE,N,2026-03-28,2026-04-17,RECOVERED,POSSIBLY RELATED,DRUG INTERRUPTED
AE-0001692,SUBJ-003073,CT-106,S0044,Hypertension,Vascular disorders,Moderate,N,2026-05-09,2026-05-30,RECOVERED,NOT RELATED,NONE
AE-0001693,SUBJ-003073,CT-106,S0044,Rash,Skin and subcutaneous tissue disorders,1,N,2026-07-26,2026-08-21,RECOVERED,RELATED,DOSE REDUCED
AE-0001694,SUBJ-003073,CT-106,S0044,Pyrexia,General disorders,moderate,N,2026-08-01,2026-09-03,RECOVERED,NOT RELATED,DRUG INTERRUPTED
AE-0001695,SUBJ-003078,CT-106,S0040,Dizziness,Nervous system disorders,1,N,2026-03-26,2026-04-12,RECOVERED,RELATED,NONE
AE-0001696,SUBJ-003078,CT-106,S0040,Anaemia,Blood and lymphatic system disorders,1,N,2026-06-13,2026-06-21,RECOVERED,NOT RELATED,DOSE REDUCED
AE-0001697,SUBJ-003080,CT-106,S0044,Vomiting,Gastrointestinal disorders,Moderate,N,2026-08-21,,ONGOING,RELATED,DRUG WITHDRAWN
AE-0001698,SUBJ-003080,CT-106,S0044,Nausea,Gastrointestinal disorders,1,N,2026-07-01,2026-07-27,RECOVERED,NOT RELATED,DOSE REDUCED
AE-0001699,SUBJ-003084,CT-106,S0043,Arthralgia,Musculoskeletal disorders,Grade 1,N,2026-03-11,2026-04-15,RECOVERED,POSSIBLY RELATED,DRUG INTERRUPTED
AE-0001700,SUBJ-003084,CT-106,S0043,Nausea,Gastrointestinal disorders,Mild,N,2026-03-16,2026-03-27,RECOVERED,RELATED,DRUG INTERRUPTED
AE-0001701,SUBJ-003084,CT-106,S0043,Rash,Skin and subcutaneous tissue disorders,1,N,2026-05-12,2026-05-16,RECOVERED,POSSIBLY RELATED,DOSE REDUCED
AE-0001703,SUBJ-003085,CT-106,S0041,Headache,Nervous system disorders,Moderate,N,2026-08-13,,ONGOING,NOT RELATED,NONE
AE-0001704,SUBJ-003085,CT-106,S0041,Fatigue,General disorders,Grade 1,N,2026-06-29,,ONGOING,RELATED,NONE
AE-0001705,SUBJ-003091,CT-106,S0040,Headache,Nervous system disorders,Mild,N,2026-05-09,2026-05-30,RECOVERED,NOT RELATED,DRUG INTERRUPTED
AE-0001706,SUBJ-003091,CT-106,S0040,Dizziness,Nervous system disorders,1,N,2026-08-04,2026-08-13,RECOVERED,NOT RELATED,DRUG WITHDRAWN
AE-0001707,SUBJ-003096,CT-106,S0041,Hypertension,Vascular disorders,Grade 2,N,2025-12-19,2025-12-20,RECOVERED,NOT RELATED,DOSE REDUCED
AE-0001708,SUBJ-003096,CT-106,S0041,Anaemia,Blood and lymphatic system disorders,Grade 1,N,2026-02-09,2026-02-21,RECOVERED,POSSIBLY RELATED,DRUG WITHDRAWN
AE-0001709,SUBJ-003100,CT-106,S0041,Diarrhoea,Gastrointestinal disorders,Moderate,N,2026-05-17,2026-07-01,RECOVERED,POSSIBLY RELATED,DOSE REDUCED
AE-0001710,SUBJ-003100,CT-106,S0041,Hypertension,Vascular disorders,Severe,Y,2026-08-11,2026-08-13,RECOVERED,NOT RELATED,DOSE REDUCED
AE-0001711,SUBJ-003102,CT-106,S0044,Nausea,Gastrointestinal disorders,1,N,2026-08-16,,RECOVERING,NOT RELATED,DOSE REDUCED
AE-0001712,SUBJ-003102,CT-106,S0044,Rash,Skin and subcutaneous tissue disorders,Mild,N,2026-08-22,,RECOVERING,RELATED,DOSE REDUCED
AE-0001713,SUBJ-003108,CT-106,S0045,Rash,Skin and subcutaneous tissue disorders,MILD,N,2026-08-21,,ONGOING,RELATED,DRUG INTERRUPTED
AE-0001715,SUBJ-003108,CT-106,S0045,Diarrhoea,Gastrointestinal disorders,Moderate,N,2026-08-15,2026-08-30,RECOVERED,NOT RELATED,DOSE REDUCED
AE-0001716,SUBJ-003110,CT-106,S0043,Neutropenia,Blood and lymphatic system disorders,2,N,2026-04-29,2026-05-23,RECOVERED,RELATED,DRUG WITHDRAWN
AE-0001717,SUBJ-003110,CT-106,S0043,Diarrhoea,Gastrointestinal disorders,2,N,2026-08-11,,RECOVERING,POSSIBLY RELATED,DRUG WITHDRAWN
AE-0001718,SUBJ-003110,CT-106,S0043,Headache,Nervous system disorders,Grade 1,N,2026-03-15,2026-03-22,RECOVERED,RELATED,DRUG WITHDRAWN
AE-0001719,SUBJ-003116,CT-106,S0043,Nausea,Gastrointestinal disorders,MILD,N,2026-05-12,2026-06-16,RECOVERED,POSSIBLY RELATED,DRUG INTERRUPTED
AE-0001720,SUBJ-003121,CT-106,S0040,Headache,Nervous system disorders,Severe,Y,2026-08-12,,RECOVERING,NOT RELATED,DRUG INTERRUPTED
AE-0001721,SUBJ-003121,CT-106,S0040,Nausea,Gastrointestinal disorders,Grade 2,N,2026-07-18,2026-07-24,RECOVERED,RELATED,DRUG WITHDRAWN
AE-0001722,SUBJ-003124,CT-106,S0044,Arthralgia,Musculoskeletal disorders,Grade 1,N,2026-08-23,,ONGOING,NOT RELATED,DRUG INTERRUPTED
AE-0001723,SUBJ-003124,CT-106,S0044,Anaemia,Blood and lymphatic system disorders,severe,N,2026-08-18,,ONGOING,RELATED,DOSE REDUCED
AE-0001724,SUBJ-003129,CT-106,S0043,Neutropenia,Blood and lymphatic system disorders,MILD,N,2026-05-05,2026-05-20,RECOVERED,NOT RELATED,DOSE REDUCED
AE-0001725,SUBJ-003129,CT-106,S0043,Alanine aminotransferase increased,Investigations,mild,N,2026-03-27,2026-04-09,RECOVERED,POSSIBLY RELATED,DOSE REDUCED
AE-0001726,SUBJ-003134,CT-106,S0045,Pyrexia,General disorders,1,N,2026-07-19,2026-08-08,RECOVERED,RELATED,DRUG INTERRUPTED
AE-0001727,SUBJ-003134,CT-106,S0045,Pyrexia,General disorders,1,N,2026-08-22,,ONGOING,POSSIBLY RELATED,DOSE REDUCED
AE-0001729,SUBJ-003138,CT-106,S0044,Nausea,Gastrointestinal disorders,Grade 3,N,2026-02-18,,ONGOING,RELATED,DOSE REDUCED
AE-0001730,SUBJ-003138,CT-106,S0044,Nausea,Gastrointestinal disorders,Moderate,N,2026-05-18,2026-06-26,RECOVERED,POSSIBLY RELATED,DOSE REDUCED
AE-0001731,SUBJ-003138,CT-106,S0044,Syncope,Nervous system disorders,1,N,2026-01-27,2026-03-05,RECOVERED,POSSIBLY RELATED,NONE
AE-0001733,SUBJ-003140,CT-106,S0044,Fatigue,General disorders,severe,N,2026-08-24,,ONGOING,RELATED,DOSE REDUCED
AE-0001734,SUBJ-003140,CT-106,S0044,Fatigue,General disorders,MODERATE,N,2026-08-12,2026-08-29,RECOVERED,NOT RELATED,NONE
AE-0001735,SUBJ-003141,CT-106,S0045,Nausea,Gastrointestinal disorders,Mild,N,2026-03-30,,ONGOING,RELATED,DRUG INTERRUPTED
AE-0001736,SUBJ-003142,CT-106,S0040,Rash,Skin and subcutaneous tissue disorders,1,N,2026-08-08,,ONGOING,RELATED,DRUG WITHDRAWN
AE-0001738,SUBJ-003142,CT-106,S0040,Headache,Nervous system disorders,SEVERE,N,2026-08-12,,ONGOING,NOT RELATED,DRUG WITHDRAWN
AE-0001739,SUBJ-003143,CT-106,S0043,Nausea,Gastrointestinal disorders,2,N,2026-03-31,2026-04-20,RECOVERED,RELATED,DOSE REDUCED
AE-0001741,SUBJ-003144,CT-106,S0045,Headache,Nervous system disorders,Grade 2,N,2026-04-04,2026-04-12,RECOVERED,RELATED,DOSE REDUCED
AE-0001742,SUBJ-003144,CT-106,S0045,Alanine aminotransferase increased,Investigations,mild,N,2026-08-18,,RECOVERING,RELATED,DRUG INTERRUPTED
AE-0001743,SUBJ-003150,CT-106,S0041,Fatigue,General disorders,moderate,N,2026-05-20,,ONGOING,NOT RELATED,DOSE REDUCED
AE-0001744,SUBJ-003150,CT-106,S0041,Alanine aminotransferase increased,Investigations,mild,N,2026-07-15,,RECOVERING,POSSIBLY RELATED,DOSE REDUCED
AE-0001745,SUBJ-003150,CT-106,S0041,Arthralgia,Musculoskeletal disorders,Grade 3,N,2026-02-14,,ONGOING,NOT RELATED,NONE
AE-0001747,SUBJ-003152,CT-106,S0042,Anaemia,Blood and lymphatic system disorders,Severe,Y,2026-06-26,2026-07-08,RECOVERED,POSSIBLY RELATED,DRUG INTERRUPTED
AE-0001748,SUBJ-003154,CT-106,S0042,Nausea,Gastrointestinal disorders,2,N,2026-06-15,2026-07-06,RECOVERED,RELATED,DRUG INTERRUPTED
AE-0001749,SUBJ-003154,CT-106,S0042,Arthralgia,Musculoskeletal disorders,Mild,N,2026-06-22,,ONGOING,NOT RELATED,DRUG INTERRUPTED
AE-0001750,SUBJ-003157,CT-106,S0042,Neutropenia,Blood and lymphatic system disorders,MODERATE,N,2026-05-20,2026-06-17,RECOVERED,RELATED,NONE
AE-0001751,SUBJ-003161,CT-106,S0044,Pneumonia,Infections and infestations,1,N,2026-08-14,,RECOVERING,POSSIBLY RELATED,DOSE REDUCED
AE-0001752,SUBJ-003161,CT-106,S0044,Headache,Nervous system disorders,Moderate,N,2026-06-11,2026-07-05,RECOVERED,RELATED,NONE
AE-0001753,SUBJ-003166,CT-106,S0043,Headache,Nervous system disorders,Grade 3,Y,2026-05-17,,ONGOING,POSSIBLY RELATED,DRUG INTERRUPTED
AE-0001754,SUBJ-003166,CT-106,S0043,Rash,Skin and subcutaneous tissue disorders,mild,N,2026-08-21,,ONGOING,RELATED,DOSE REDUCED
AE-0001755,SUBJ-003170,CT-106,S0042,Nausea,Gastrointestinal disorders,Grade 2,N,2026-07-21,,RECOVERING,POSSIBLY RELATED,DRUG INTERRUPTED
AE-0001756,SUBJ-003171,CT-106,S0041,Nausea,Gastrointestinal disorders,MILD,N,2026-06-03,2026-07-17,RECOVERED,NOT RELATED,DRUG WITHDRAWN
AE-0001758,SUBJ-003171,CT-106,S0041,Nausea,Gastrointestinal disorders,Grade 3,Y,2026-04-22,,RECOVERING,POSSIBLY RELATED,DOSE REDUCED
AE-0001759,SUBJ-003172,CT-106,S0043,Nausea,Gastrointestinal disorders,3,Y,2026-06-08,,ONGOING,RELATED,NONE
AE-0001761,SUBJ-003176,CT-106,S0040,Headache,Nervous system disorders,mild,N,2026-07-04,2026-07-29,RECOVERED,POSSIBLY RELATED,DOSE REDUCED
AE-0001762,SUBJ-003176,CT-106,S0040,Nausea,Gastrointestinal disorders,MILD,N,2026-07-22,2026-07-23,RECOVERED,POSSIBLY RELATED,DRUG WITHDRAWN
AE-0001763,SUBJ-003181,CT-106,S0040,Arthralgia,Musculoskeletal disorders,Mild,N,2026-05-08,2026-05-18,RECOVERED,RELATED,NONE
AE-0001764,SUBJ-003181,CT-106,S0040,Vomiting,Gastrointestinal disorders,mild,N,2026-05-25,2026-07-05,RECOVERED,RELATED,NONE
AE-0001765,SUBJ-003185,CT-106,S0045,Rash,Skin and subcutaneous tissue disorders,Grade 1,N,2026-08-12,,RECOVERING,POSSIBLY RELATED,DRUG WITHDRAWN
AE-0001767,SUBJ-003197,CT-106,S0042,Headache,Nervous system disorders,Grade 1,N,2026-08-21,,ONGOING,POSSIBLY RELATED,DOSE REDUCED
AE-0001768,SUBJ-003197,CT-106,S0042,Rash,Skin and subcutaneous tissue disorders,2,N,2026-08-06,2026-08-19,RECOVERED,NOT RELATED,NONE
AE-0001769,SUBJ-003207,CT-106,S0044,Nausea,Gastrointestinal disorders,2,N,2026-07-07,,RECOVERING,RELATED,DRUG INTERRUPTED
AE-0001770,SUBJ-003207,CT-106,S0044,Arthralgia,Musculoskeletal disorders,MODERATE,N,2026-02-10,2026-02-18,RECOVERED,POSSIBLY RELATED,DRUG INTERRUPTED
AE-0001771,SUBJ-003208,CT-106,S0043,Neutropenia,Blood and lymphatic system disorders,Grade 2,N,2026-06-13,2026-07-24,RECOVERED,NOT RELATED,NONE
AE-0001772,SUBJ-003208,CT-106,S0043,Fatigue,General disorders,Grade 2,N,2026-01-18,,ONGOING,POSSIBLY RELATED,DRUG INTERRUPTED
AE-0001773,SUBJ-003211,CT-106,S0042,Vomiting,Gastrointestinal disorders,MILD,N,2026-02-06,2026-03-04,RECOVERED,POSSIBLY RELATED,NONE
AE-0001774,SUBJ-003211,CT-106,S0042,Headache,Nervous system disorders,mild,N,2026-03-13,,RECOVERING,RELATED,NONE
AE-0001775,SUBJ-003211,CT-106,S0042,Arthralgia,Musculoskeletal disorders,1,N,2026-04-11,2026-04-29,RECOVERED,POSSIBLY RELATED,DRUG WITHDRAWN
AE-0001776,SUBJ-003213,CT-106,S0041,Dizziness,Nervous system disorders,MILD,N,2026-08-09,,RECOVERING,POSSIBLY RELATED,DRUG INTERRUPTED
AE-0001778,SUBJ-003213,CT-106,S0041,Insomnia,Psychiatric disorders,Moderate,N,2026-08-17,,ONGOING,RELATED,DOSE REDUCED
AE-0001779,SUBJ-003219,CT-106,S0043,Rash,Skin and subcutaneous tissue disorders,MILD,N,2026-08-02,2026-08-28,RECOVERED,NOT RELATED,DOSE REDUCED
AE-0001780,SUBJ-003219,CT-106,S0043,Pyrexia,General disorders,MODERATE,N,2026-06-12,,RECOVERING,RELATED,DRUG WITHDRAWN
AE-0001781,SUBJ-003219,CT-106,S0043,Nausea,Gastrointestinal disorders,mild,N,2026-04-19,2026-05-30,RECOVERED,RELATED,NONE
AE-0001782,SUBJ-003221,CT-106,S0044,Pyrexia,General disorders,Grade 2,N,2026-06-26,2026-07-20,RECOVERED,NOT RELATED,DOSE REDUCED
AE-0001783,SUBJ-003221,CT-106,S0044,Nausea,Gastrointestinal disorders,mild,N,2026-06-02,2026-06-24,RECOVERED,POSSIBLY RELATED,DRUG WITHDRAWN
AE-0001784,SUBJ-003233,CT-106,S0043,Dizziness,Nervous system disorders,Mild,N,2026-05-27,2026-06-18,RECOVERED,RELATED,NONE
AE-0001785,SUBJ-003233,CT-106,S0043,Pyrexia,General disorders,Mild,N,2026-06-25,2026-07-04,RECOVERED,RELATED,NONE
AE-0001786,SUBJ-003233,CT-106,S0043,Fatigue,General disorders,moderate,N,2026-07-28,2026-08-24,RECOVERED,POSSIBLY RELATED,DRUG WITHDRAWN
AE-0001787,SUBJ-003234,CT-106,S0044,Dizziness,Nervous system disorders,Grade 2,N,2026-08-17,2026-08-29,RECOVERED,RELATED,DRUG INTERRUPTED
AE-0001788,SUBJ-003234,CT-106,S0044,Neutropenia,Blood and lymphatic system disorders,mild,N,2026-05-07,2026-05-31,RECOVERED,POSSIBLY RELATED,DRUG INTERRUPTED
AE-0001789,SUBJ-003234,CT-106,S0044,Rash,Skin and subcutaneous tissue disorders,1,true,2026-05-07,,ONGOING,RELATED,DRUG WITHDRAWN
AE-0001790,SUBJ-003235,CT-106,S0041,Rash,Skin and subcutaneous tissue disorders,MODERATE,N,2026-08-10,,RECOVERING,POSSIBLY RELATED,NONE
AE-0001791,SUBJ-003235,CT-106,S0041,Pyrexia,General disorders,Grade 2,N,2026-06-27,2026-07-01,RECOVERED,NOT RELATED,DOSE REDUCED
AE-0001792,SUBJ-003244,CT-106,S0045,Headache,Nervous system disorders,moderate,N,2026-06-27,2026-08-04,RECOVERED,NOT RELATED,DOSE REDUCED
AE-0001793,SUBJ-003251,CT-106,S0040,Nausea,Gastrointestinal disorders,Grade 1,N,2026-06-13,,ONGOING,POSSIBLY RELATED,DRUG WITHDRAWN
AE-0001794,SUBJ-003251,CT-106,S0040,Hypertension,Vascular disorders,MODERATE,N,2026-07-19,,RECOVERING,POSSIBLY RELATED,NONE
AE-0001795,SUBJ-003252,CT-106,S0043,Anaemia,Blood and lymphatic system disorders,mild,N,2026-06-01,2026-06-19,RECOVERED,RELATED,NONE
AE-0001796,SUBJ-003252,CT-106,S0043,Nausea,Gastrointestinal disorders,Moderate,N,2026-07-21,2026-08-15,RECOVERED,RELATED,DOSE REDUCED
AE-0001798,SUBJ-003253,CT-106,S0042,Arthralgia,Musculoskeletal disorders,MODERATE,N,2026-03-26,,RECOVERING,RELATED,NONE
AE-0001799,SUBJ-003255,CT-106,S0045,Fatigue,General disorders,Grade 1,N,2026-08-20,,ONGOING,RELATED,DRUG INTERRUPTED
AE-0001800,SUBJ-003256,CT-106,S0041,Pyrexia,General disorders,2,N,2026-03-17,2026-04-10,RECOVERED,RELATED,DRUG WITHDRAWN
AE-0001801,SUBJ-003256,CT-106,S0041,Hypertension,Vascular disorders,mild,N,2026-07-07,2026-07-09,RECOVERED,RELATED,DRUG WITHDRAWN
AE-0001802,SUBJ-003257,CT-106,S0041,Anaemia,Blood and lymphatic system disorders,MODERATE,N,2026-07-22,,ONGOING,RELATED,NONE
AE-0001803,SUBJ-003272,CT-106,S0044,Nausea,Gastrointestinal disorders,Grade 1,N,2026-07-31,2026-08-24,RECOVERED,NOT RELATED,DOSE REDUCED
AE-0001804,SUBJ-003272,CT-106,S0044,Alanine aminotransferase increased,Investigations,mild,N,2026-08-14,,ONGOING,POSSIBLY RELATED,DRUG WITHDRAWN
AE-0001805,SUBJ-003275,CT-106,S0040,Diarrhoea,Gastrointestinal disorders,Mild,N,,2026-09-07,RECOVERED,RELATED,DRUG WITHDRAWN
AE-0001807,SUBJ-003281,CT-106,S0044,Pyrexia,General disorders,MODERATE,N,2026-03-29,2026-04-15,RECOVERED,NOT RELATED,DRUG INTERRUPTED
AE-0001808,SUBJ-003285,CT-106,S0043,Arthralgia,Musculoskeletal disorders,Moderate,N,2026-08-21,,ONGOING,RELATED,DRUG WITHDRAWN
AE-0001809,SUBJ-003286,CT-106,S0042,Diarrhoea,Gastrointestinal disorders,MILD,N,2026-02-15,2026-03-16,RECOVERED,RELATED,DRUG WITHDRAWN
AE-0001810,SUBJ-003286,CT-106,S0042,Rash,Skin and subcutaneous tissue disorders,MILD,N,2026-01-02,,RECOVERING,RELATED,DRUG WITHDRAWN
AE-0001811,SUBJ-003286,CT-106,S0042,Anaemia,Blood and lymphatic system disorders,Grade 1,N,2026-05-28,2026-05-31,RECOVERED,RELATED,DOSE REDUCED
AE-0001812,SUBJ-003288,CT-106,S0044,Headache,Nervous system disorders,severe,Y,2026-01-12,2026-01-13,RECOVERED,RELATED,DOSE REDUCED
AE-0001813,SUBJ-003288,CT-106,S0044,Alanine aminotransferase increased,Investigations,1,N,2026-05-20,,RECOVERING,RELATED,DOSE REDUCED
AE-0001814,SUBJ-003288,CT-106,S0044,Dizziness,Nervous system disorders,Moderate,N,2026-01-27,2026-03-01,RECOVERED,RELATED,DRUG WITHDRAWN
AE-0001815,SUBJ-003300,CT-106,S0044,Fatigue,General disorders,MILD,N,2026-08-08,,ONGOING,RELATED,DOSE REDUCED
AE-0001816,SUBJ-003301,CT-106,S0045,Fatigue,General disorders,Grade 1,N,2026-05-11,,ONGOING,RELATED,DRUG WITHDRAWN
AE-0001817,SUBJ-003301,CT-106,S0045,Fatigue,General disorders,MODERATE,N,2026-06-16,2026-07-31,RECOVERED,POSSIBLY RELATED,DRUG INTERRUPTED
AE-0001818,SUBJ-003304,CT-106,S0043,Rash,Skin and subcutaneous tissue disorders,MODERATE,N,2026-07-28,2026-09-05,RECOVERED,NOT RELATED,NONE
AE-0001819,SUBJ-003304,CT-106,S0043,Dizziness,Nervous system disorders,MODERATE,N,2026-02-16,2026-03-03,RECOVERED,NOT RELATED,DOSE REDUCED
AE-0001820,SUBJ-003304,CT-106,S0043,Headache,Nervous system disorders,Mild,N,2026-07-28,2026-08-28,RECOVERED,RELATED,DOSE REDUCED
AE-0001821,SUBJ-003306,CT-106,S0043,Rash,Skin and subcutaneous tissue disorders,Mild,N,2026-02-28,2026-04-06,RECOVERED,POSSIBLY RELATED,DOSE REDUCED
AE-0001822,SUBJ-003306,CT-106,S0043,Anaemia,Blood and lymphatic system disorders,Grade 2,N,2026-04-05,2026-04-07,RECOVERED,NOT RELATED,NONE
AE-0001823,SUBJ-003307,CT-106,S0043,Headache,Nervous system disorders,severe,Y,2026-06-14,,ONGOING,RELATED,DRUG INTERRUPTED
AE-0001824,SUBJ-003307,CT-106,S0043,Insomnia,Psychiatric disorders,moderate,N,2026-08-16,2026-09-04,RECOVERED,POSSIBLY RELATED,DOSE REDUCED
AE-0001825,SUBJ-003307,CT-106,S0043,Alanine aminotransferase increased,Investigations,MILD,N,2026-07-02,,RECOVERING,RELATED,DRUG INTERRUPTED
AE-0001826,SUBJ-003308,CT-106,S0041,Anaemia,Blood and lymphatic system disorders,Grade 3,Y,2026-01-22,,RECOVERING,RELATED,DRUG WITHDRAWN
AE-0001827,SUBJ-003308,CT-106,S0041,Diarrhoea,Gastrointestinal disorders,Mild,N,2026-06-16,2026-07-31,RECOVERED,NOT RELATED,NONE
AE-0001828,SUBJ-003314,CT-106,S0042,Headache,Nervous system disorders,Moderate,N,2026-08-19,,RECOVERING,POSSIBLY RELATED,DRUG WITHDRAWN
AE-0001829,SUBJ-003314,CT-106,S0042,Pyrexia,General disorders,moderate,N,2026-06-08,2026-06-14,RECOVERED,NOT RELATED,DRUG INTERRUPTED
AE-0001830,SUBJ-003315,CT-106,S0040,Fatigue,General disorders,MILD,N,2026-05-11,2026-05-27,RECOVERED,NOT RELATED,DOSE REDUCED
AE-0001831,SUBJ-003315,CT-106,S0040,Rash,Skin and subcutaneous tissue disorders,mild,N,2026-06-12,2026-07-22,RECOVERED,NOT RELATED,DRUG INTERRUPTED
AE-0001832,SUBJ-003315,CT-106,S0040,Fatigue,General disorders,mild,N,2026-05-13,2026-06-03,RECOVERED,RELATED,DRUG INTERRUPTED
AE-0001833,SUBJ-003316,CT-106,S0042,Diarrhoea,Gastrointestinal disorders,Grade 1,N,2026-07-02,2026-07-20,RECOVERED,RELATED,NONE
AE-0001834,SUBJ-003316,CT-106,S0042,Pneumonia,Infections and infestations,Mild,N,2026-06-21,2026-07-20,RECOVERED,POSSIBLY RELATED,DRUG INTERRUPTED
AE-0001835,SUBJ-003316,CT-106,S0042,Insomnia,Psychiatric disorders,Mild,N,2025-12-14,,ONGOING,POSSIBLY RELATED,NONE
AE-0001836,SUBJ-003327,CT-106,S0044,Rash,Skin and subcutaneous tissue disorders,2,N,2026-08-11,,RECOVERING,POSSIBLY RELATED,NONE
AE-0001837,SUBJ-003327,CT-106,S0044,Headache,Nervous system disorders,1,N,2026-07-11,,RECOVERING,POSSIBLY RELATED,NONE
AE-0001838,SUBJ-003327,CT-106,S0044,Dizziness,Nervous system disorders,mild,N,2026-08-22,2026-08-27,RECOVERED,RELATED,DRUG INTERRUPTED
AE-0001839,SUBJ-003331,CT-106,S0042,Dizziness,Nervous system disorders,2,N,2026-03-09,2026-04-05,RECOVERED,RELATED,DRUG WITHDRAWN
AE-0001840,SUBJ-003333,CT-106,S0042,Nausea,Gastrointestinal disorders,Grade 1,N,2026-04-24,2026-05-24,RECOVERED,RELATED,DOSE REDUCED
AE-0001841,SUBJ-003341,CT-106,S0040,Headache,Nervous system disorders,Grade 1,N,2026-03-20,2026-04-11,RECOVERED,RELATED,NONE
AE-0001842,SUBJ-003341,CT-106,S0040,Diarrhoea,Gastrointestinal disorders,Mild,N,2026-08-04,,ONGOING,POSSIBLY RELATED,DOSE REDUCED
AE-0001843,SUBJ-003346,CT-106,S0044,Vomiting,Gastrointestinal disorders,1,N,2026-05-22,,ONGOING,RELATED,DOSE REDUCED
AE-0001844,SUBJ-003346,CT-106,S0044,Fatigue,General disorders,MILD,N,2026-04-02,,ONGOING,POSSIBLY RELATED,DRUG WITHDRAWN
AE-0001845,SUBJ-003346,CT-106,S0044,Headache,Nervous system disorders,Mild,N,2026-02-22,,ONGOING,POSSIBLY RELATED,DRUG WITHDRAWN
AE-0001846,SUBJ-003348,CT-106,S0045,Rash,Skin and subcutaneous tissue disorders,Severe,Y,2026-04-19,2026-04-28,RECOVERED,POSSIBLY RELATED,DRUG INTERRUPTED
AE-0001847,SUBJ-003348,CT-106,S0045,Nausea,Gastrointestinal disorders,Grade 2,N,2026-03-27,2026-04-05,RECOVERED,POSSIBLY RELATED,DOSE REDUCED
AE-0001848,SUBJ-003348,CT-106,S0045,Headache,Nervous system disorders,mild,N,2026-08-14,,RECOVERING,NOT RELATED,DRUG INTERRUPTED
AE-0001849,SUBJ-003349,CT-106,S0043,Pyrexia,General disorders,MODERATE,N,2026-06-06,,ONGOING,NOT RELATED,DRUG WITHDRAWN
AE-0001850,SUBJ-003349,CT-106,S0043,Headache,Nervous system disorders,2,N,2026-01-04,2026-01-27,RECOVERED,NOT RELATED,DRUG WITHDRAWN
AE-0001851,SUBJ-003349,CT-106,S0043,Diarrhoea,Gastrointestinal disorders,2,N,2026-06-03,2026-07-07,RECOVERED,NOT RELATED,DRUG WITHDRAWN
AE-0001852,SUBJ-003358,CT-106,S0041,Fatigue,General disorders,Grade 1,N,2026-08-15,,ONGOING,RELATED,DOSE REDUCED
AE-0001854,SUBJ-003358,CT-106,S0041,Pyrexia,General disorders,2,N,2026-08-20,,RECOVERING,RELATED,DRUG INTERRUPTED
AE-0001855,SUBJ-003361,CT-106,S0044,Nausea,Gastrointestinal disorders,Mild,N,2026-08-09,2026-08-20,RECOVERED,RELATED,DRUG INTERRUPTED
AE-0001856,SUBJ-003361,CT-106,S0044,Diarrhoea,Gastrointestinal disorders,Moderate,N,2026-08-12,,ONGOING,POSSIBLY RELATED,NONE
AE-0001858,SUBJ-003362,CT-106,S0043,Nausea,Gastrointestinal disorders,Mild,N,2026-05-04,2026-06-13,RECOVERED,RELATED,NONE
AE-0001859,SUBJ-003365,CT-106,S0041,Anaemia,Blood and lymphatic system disorders,Grade 2,N,2026-07-09,2026-07-31,RECOVERED,POSSIBLY RELATED,DOSE REDUCED
AE-0001861,SUBJ-003365,CT-106,S0041,Rash,Skin and subcutaneous tissue disorders,MILD,N,2026-04-28,2026-04-30,RECOVERED,POSSIBLY RELATED,DRUG INTERRUPTED
AE-0001864,SUBJ-003367,CT-106,S0041,Neutropenia,Blood and lymphatic system disorders,Grade 1,N,2026-08-13,,RECOVERING,RELATED,DRUG WITHDRAWN
AE-0001866,SUBJ-003369,CT-106,S0045,Dizziness,Nervous system disorders,Grade 1,N,2026-04-30,2026-05-13,RECOVERED,POSSIBLY RELATED,NONE
AE-0001867,SUBJ-003372,CT-106,S0045,Headache,Nervous system disorders,MILD,N,2026-01-03,2026-01-25,RECOVERED,NOT RELATED,DRUG INTERRUPTED
AE-0001868,SUBJ-003372,CT-106,S0045,Insomnia,Psychiatric disorders,MODERATE,N,2026-06-28,2026-07-08,RECOVERED,RELATED,DOSE REDUCED
AE-0001870,SUBJ-003374,CT-106,S0045,Vomiting,Gastrointestinal disorders,MODERATE,N,2026-08-13,2026-08-28,RECOVERED,NOT RELATED,NONE
AE-0001871,SUBJ-003374,CT-106,S0045,Diarrhoea,Gastrointestinal disorders,mild,N,2026-08-22,2026-08-25,RECOVERED,RELATED,DRUG WITHDRAWN
AE-0001872,SUBJ-003375,CT-106,S0045,Insomnia,Psychiatric disorders,moderate,N,2026-08-05,2026-08-06,RECOVERED,NOT RELATED,DOSE REDUCED
AE-0001873,SUBJ-003376,CT-106,S0041,Dizziness,Nervous system disorders,Grade 1,N,2026-08-24,,ONGOING,RELATED,NONE
AE-0001874,SUBJ-003376,CT-106,S0041,Rash,Skin and subcutaneous tissue disorders,MODERATE,N,2026-07-02,2026-08-08,RECOVERED,RELATED,DOSE REDUCED
AE-0001875,SUBJ-003376,CT-106,S0041,Anaemia,Blood and lymphatic system disorders,Moderate,N,2026-08-10,,RECOVERING,RELATED,DRUG INTERRUPTED
AE-0001876,SUBJ-003389,CT-106,S0041,Pneumonia,Infections and infestations,2,N,2026-08-21,2026-09-05,RECOVERED,POSSIBLY RELATED,NONE
AE-0001879,SUBJ-003390,CT-106,S0041,Fatigue,General disorders,SEVERE,N,2026-04-21,,ONGOING,NOT RELATED,NONE
AE-0001880,SUBJ-003390,CT-106,S0041,Rash,Skin and subcutaneous tissue disorders,N/A,N,2026-01-20,2026-02-24,RECOVERED,RELATED,DRUG WITHDRAWN
AE-0001883,SUBJ-003404,CT-106,S0041,Fatigue,General disorders,MILD,N,2026-06-26,,ONGOING,RELATED,DOSE REDUCED
AE-0001884,SUBJ-003404,CT-106,S0041,Rash,Skin and subcutaneous tissue disorders,SEVERE,Y,2026-08-17,,RECOVERING,POSSIBLY RELATED,DRUG INTERRUPTED
AE-0001885,SUBJ-003404,CT-106,S0041,Pyrexia,General disorders,Mild,1,2026-03-10,,RECOVERING,POSSIBLY RELATED,DOSE REDUCED
AE-0001886,SUBJ-003405,CT-106,S0045,Arthralgia,Musculoskeletal disorders,MILD,N,2026-03-20,2026-04-17,RECOVERED,POSSIBLY RELATED,DRUG INTERRUPTED
AE-0001887,SUBJ-003405,CT-106,S0045,Rash,Skin and subcutaneous tissue disorders,mild,N,2026-07-02,2026-07-19,RECOVERED,POSSIBLY RELATED,NONE
AE-0001888,SUBJ-003407,CT-106,S0044,Arthralgia,Musculoskeletal disorders,mild,N,2026-07-22,,RECOVERING,RELATED,DOSE REDUCED
AE-0001889,SUBJ-003407,CT-106,S0044,Fatigue,General disorders,Grade 1,N,2026-05-25,,ONGOING,POSSIBLY RELATED,DRUG INTERRUPTED
AE-0001890,SUBJ-003421,CT-106,S0041,Rash,Skin and subcutaneous tissue disorders,Mild,N,2026-03-30,,RECOVERING,RELATED,DRUG INTERRUPTED
AE-0001891,SUBJ-003421,CT-106,S0041,Vomiting,Gastrointestinal disorders,Grade 1,N,2026-05-20,2026-06-28,RECOVERED,POSSIBLY RELATED,DRUG INTERRUPTED
AE-0001892,SUBJ-003425,CT-106,S0045,Diarrhoea,Gastrointestinal disorders,mild,N,2026-08-12,,RECOVERING,NOT RELATED,DRUG INTERRUPTED
AE-0001893,SUBJ-003429,CT-106,S0040,Rash,Skin and subcutaneous tissue disorders,mild,N,2026-08-24,,ONGOING,RELATED,DOSE REDUCED
AE-0001894,SUBJ-003429,CT-106,S0040,Dizziness,Nervous system disorders,Grade 2,N,2026-08-18,,ONGOING,NOT RELATED,DOSE REDUCED
AE-0001895,SUBJ-003429,CT-106,S0040,Dizziness,Nervous system disorders,Grade 1,N,2026-08-10,2026-09-01,RECOVERED,POSSIBLY RELATED,DOSE REDUCED
AE-0001896,SUBJ-003431,CT-106,S0042,Neutropenia,Blood and lymphatic system disorders,MODERATE,N,2026-08-11,2026-09-05,RECOVERED,RELATED,DRUG WITHDRAWN
AE-0001897,SUBJ-003431,CT-106,S0042,Rash,Skin and subcutaneous tissue disorders,Grade 1,N,2026-07-30,2026-08-10,RECOVERED,RELATED,NONE
AE-0001898,SUBJ-003431,CT-106,S0042,Syncope,Nervous system disorders,Moderate,N,2026-08-06,,RECOVERING,NOT RELATED,DRUG WITHDRAWN
AE-0001899,SUBJ-003433,CT-106,S0044,Anaemia,Blood and lymphatic system disorders,3,Y,2026-03-23,,RECOVERING,RELATED,DOSE REDUCED
AE-0001900,SUBJ-003433,CT-106,S0044,Alanine aminotransferase increased,Investigations,Grade 1,N,2026-04-27,2026-04-28,RECOVERED,POSSIBLY RELATED,DRUG WITHDRAWN
AE-0001901,SUBJ-003437,CT-106,S0041,Neutropenia,Blood and lymphatic system disorders,severe,N,2026-06-18,,RECOVERING,RELATED,NONE
AE-0001904,SUBJ-003441,CT-106,S0040,Fatigue,General disorders,mild,N,2026-08-09,,ONGOING,POSSIBLY RELATED,DRUG INTERRUPTED
AE-0001905,SUBJ-003441,CT-106,S0040,Nausea,Gastrointestinal disorders,MILD,N,2026-05-03,,ONGOING,NOT RELATED,DOSE REDUCED
AE-0001908,SUBJ-003443,CT-106,S0043,Pyrexia,General disorders,MILD,N,2026-07-18,,RECOVERING,POSSIBLY RELATED,DOSE REDUCED
AE-0001909,SUBJ-003447,CT-106,S0041,Anaemia,Blood and lymphatic system disorders,2,N,2026-01-22,2026-03-03,RECOVERED,POSSIBLY RELATED,DRUG INTERRUPTED
AE-0001910,SUBJ-003448,CT-106,S0041,Anaemia,Blood and lymphatic system disorders,severe,N,2026-04-22,2026-05-09,RECOVERED,NOT RELATED,DOSE REDUCED
AE-0001911,SUBJ-003448,CT-106,S0041,Vomiting,Gastrointestinal disorders,Grade 1,N,2026-01-23,,ONGOING,POSSIBLY RELATED,DOSE REDUCED
AE-0001912,SUBJ-003448,CT-106,S0041,Pneumonia,Infections and infestations,mild,N,2025-12-13,2026-01-23,RECOVERED,POSSIBLY RELATED,DOSE REDUCED
AE-0001913,SUBJ-003449,CT-106,S0040,Pyrexia,General disorders,Moderate,N,2026-04-08,,ONGOING,NOT RELATED,DRUG INTERRUPTED
AE-0001915,SUBJ-003455,CT-106,S0041,Fatigue,General disorders,Grade 1,YES,2026-03-29,2026-04-02,RECOVERED,NOT RELATED,NONE
AE-0001918,SUBJ-003463,CT-106,S0040,Pneumonia,Infections and infestations,Mild,N,2026-08-19,,ONGOING,POSSIBLY RELATED,NONE
AE-0001919,SUBJ-003463,CT-106,S0040,Nausea,Gastrointestinal disorders,Mild,N,2026-08-21,,RECOVERING,POSSIBLY RELATED,DRUG WITHDRAWN
AE-0001920,SUBJ-003466,CT-106,S0041,Fatigue,General disorders,SEVERE,N,2026-08-16,,RECOVERING,NOT RELATED,DRUG INTERRUPTED
AE-0001921,SUBJ-003466,CT-106,S0041,Nausea,Gastrointestinal disorders,MODERATE,N,2026-07-05,2026-08-01,RECOVERED,POSSIBLY RELATED,DRUG INTERRUPTED
AE-0001922,SUBJ-003468,CT-106,S0045,Headache,Nervous system disorders,MILD,N,2026-06-04,2026-06-05,RECOVERED,RELATED,DRUG WITHDRAWN
AE-0001924,SUBJ-003471,CT-106,S0044,Hypertension,Vascular disorders,mild,N,2026-02-09,2026-03-02,RECOVERED,NOT RELATED,DRUG INTERRUPTED
AE-0001925,SUBJ-003472,CT-106,S0043,Syncope,Nervous system disorders,Mild,N,2026-08-08,,ONGOING,POSSIBLY RELATED,NONE
AE-0001926,SUBJ-003472,CT-106,S0043,Insomnia,Psychiatric disorders,Mild,N,2026-08-23,2026-08-31,RECOVERED,NOT RELATED,DRUG INTERRUPTED
AE-0001927,SUBJ-003480,CT-106,S0043,Anaemia,Blood and lymphatic system disorders,2,N,2026-08-22,,RECOVERING,POSSIBLY RELATED,DRUG WITHDRAWN
AE-0001928,SUBJ-003480,CT-106,S0043,Fatigue,General disorders,Grade 1,N,2026-08-24,,ONGOING,NOT RELATED,NONE
AE-0001929,SUBJ-003480,CT-106,S0043,Fatigue,General disorders,Grade 3,N,2026-08-12,,RECOVERING,NOT RELATED,DOSE REDUCED
AE-0001931,SUBJ-003486,CT-106,S0042,Headache,Nervous system disorders,MILD,N,2026-08-19,,RECOVERING,NOT RELATED,NONE
AE-0001932,SUBJ-003487,CT-106,S0041,Diarrhoea,Gastrointestinal disorders,MILD,N,2026-08-19,2026-09-07,RECOVERED,RELATED,NONE
AE-0001933,SUBJ-003492,CT-106,S0043,Vomiting,Gastrointestinal disorders,Moderate,N,2026-08-13,,RECOVERING,POSSIBLY RELATED,NONE
AE-0001935,SUBJ-003495,CT-106,S0043,Alanine aminotransferase increased,Investigations,MILD,N,2026-02-25,,RECOVERING,POSSIBLY RELATED,DRUG INTERRUPTED
AE-0001936,SUBJ-003495,CT-106,S0043,Alanine aminotransferase increased,Investigations,mild,N,2026-04-25,2026-04-29,RECOVERED,POSSIBLY RELATED,DRUG WITHDRAWN
AE-0001937,SUBJ-003500,CT-106,S0044,Alanine aminotransferase increased,Investigations,MILD,N,2025-11-13,2025-12-04,RECOVERED,RELATED,DRUG INTERRUPTED
AE-0001938,SUBJ-003500,CT-106,S0044,Headache,Nervous system disorders,1,N,2026-03-04,2026-04-18,RECOVERED,POSSIBLY RELATED,DRUG WITHDRAWN
AE-0001939,SUBJ-003500,CT-106,S0044,Nausea,Gastrointestinal disorders,Grade 1,N,2026-02-16,2026-03-17,RECOVERED,NOT RELATED,NONE
AE-0001940,SUBJ-003505,CT-106,S0045,Insomnia,Psychiatric disorders,2,N,2026-08-13,2026-08-16,RECOVERED,NOT RELATED,NONE
AE-0001942,SUBJ-003505,CT-106,S0045,Anaemia,Blood and lymphatic system disorders,MILD,N,2026-07-15,,ONGOING,POSSIBLY RELATED,NONE
AE-0001943,SUBJ-003507,CT-106,S0043,Nausea,Gastrointestinal disorders,MODERATE,N,2026-03-22,,ONGOING,NOT RELATED,DRUG WITHDRAWN
AE-0001944,SUBJ-003509,CT-106,S0042,Rash,Skin and subcutaneous tissue disorders,mild,N,2026-08-11,,ONGOING,RELATED,NONE
AE-0001945,SUBJ-003511,CT-106,S0045,Headache,Nervous system disorders,Mild,N,2026-07-18,2026-07-27,RECOVERED,RELATED,DRUG WITHDRAWN
AE-0001946,SUBJ-003511,CT-106,S0045,Insomnia,Psychiatric disorders,2,N,2026-05-31,,RECOVERING,NOT RELATED,DRUG WITHDRAWN
